Issue key,Issue id,Status,Created,Updated,Assignee,Creator,Description,Summary
DEMO-1000,11905,Backlog,07/Jun/18 3:13 PM,07/Jun/18 3:13 PM,,jiraadmin,Descript,MikeDemo2
DEMO-999,11904,Backlog,07/Jun/18 3:13 PM,07/Jun/18 3:13 PM,,jiraadmin,Descript,MikeDemo2
DEMO-998,11903,Backlog,07/Jun/18 3:13 PM,07/Jun/18 3:13 PM,,jiraadmin,Descript,MikeDemo2
DEMO-997,11902,Backlog,07/Jun/18 3:13 PM,07/Jun/18 3:13 PM,,jiraadmin,Descript,MikeDemo2
DEMO-996,11900,Backlog,07/Jun/18 3:13 PM,07/Jun/18 3:13 PM,,jiraadmin,Descript,MikeDemo2
DEMO-995,11901,Backlog,07/Jun/18 3:13 PM,07/Jun/18 3:13 PM,,jiraadmin,Descript,MikeDemo2
DEMO-994,11899,Backlog,07/Jun/18 3:13 PM,07/Jun/18 3:13 PM,,jiraadmin,Descript,MikeDemo2
DEMO-993,11898,Backlog,07/Jun/18 3:13 PM,07/Jun/18 3:13 PM,,jiraadmin,Descript,MikeDemo2
DEMO-992,11897,Backlog,07/Jun/18 3:13 PM,07/Jun/18 3:13 PM,,jiraadmin,Descript,MikeDemo2
DEMO-991,11896,Backlog,07/Jun/18 3:13 PM,07/Jun/18 3:13 PM,,jiraadmin,Descript,MikeDemo2
DEMO-990,11895,Backlog,07/Jun/18 3:13 PM,07/Jun/18 3:13 PM,,jiraadmin,Descript,MikeDemo2
DEMO-989,11894,Backlog,07/Jun/18 3:13 PM,07/Jun/18 3:13 PM,,jiraadmin,Descript,MikeDemo2
DEMO-988,11893,Backlog,07/Jun/18 3:13 PM,07/Jun/18 3:13 PM,,jiraadmin,Descript,MikeDemo2
DEMO-987,11892,Backlog,07/Jun/18 3:13 PM,07/Jun/18 3:13 PM,,jiraadmin,Descript,MikeDemo2
DEMO-986,11891,Backlog,07/Jun/18 3:13 PM,07/Jun/18 3:13 PM,,jiraadmin,Descript,MikeDemo2
DEMO-985,11890,Backlog,07/Jun/18 3:13 PM,07/Jun/18 3:13 PM,,jiraadmin,Descript,MikeDemo2
DEMO-984,11889,Backlog,07/Jun/18 3:13 PM,07/Jun/18 3:13 PM,,jiraadmin,Descript,MikeDemo2
DEMO-983,11888,Backlog,07/Jun/18 3:13 PM,07/Jun/18 3:13 PM,,jiraadmin,Descript,MikeDemo2
DEMO-982,11887,Backlog,07/Jun/18 3:13 PM,07/Jun/18 3:13 PM,,jiraadmin,Descript,MikeDemo2
DEMO-981,11886,Backlog,07/Jun/18 3:13 PM,07/Jun/18 3:13 PM,,jiraadmin,Descript,MikeDemo2
DEMO-980,11885,Backlog,07/Jun/18 3:13 PM,07/Jun/18 3:13 PM,,jiraadmin,Descript,MikeDemo2
DEMO-979,11884,Backlog,07/Jun/18 3:13 PM,07/Jun/18 3:13 PM,,jiraadmin,Descript,MikeDemo2
DEMO-978,11883,Backlog,07/Jun/18 3:13 PM,07/Jun/18 3:13 PM,,jiraadmin,Descript,MikeDemo2
DEMO-977,11882,Backlog,07/Jun/18 3:13 PM,07/Jun/18 3:13 PM,,jiraadmin,Descript,MikeDemo2
DEMO-976,11881,Backlog,07/Jun/18 3:13 PM,07/Jun/18 3:13 PM,,jiraadmin,Descript,MikeDemo2
DEMO-975,11880,Backlog,07/Jun/18 3:13 PM,07/Jun/18 3:13 PM,,jiraadmin,Descript,MikeDemo2
DEMO-974,11879,Backlog,07/Jun/18 3:13 PM,07/Jun/18 3:13 PM,,jiraadmin,Descript,MikeDemo2
DEMO-973,11878,Backlog,07/Jun/18 3:13 PM,07/Jun/18 3:13 PM,,jiraadmin,Descript,MikeDemo2
DEMO-972,11877,Backlog,07/Jun/18 3:13 PM,07/Jun/18 3:13 PM,,jiraadmin,Descript,MikeDemo2
DEMO-971,11876,Backlog,07/Jun/18 3:13 PM,07/Jun/18 3:13 PM,,jiraadmin,Descript,MikeDemo2
DEMO-970,11875,Backlog,07/Jun/18 3:13 PM,07/Jun/18 3:13 PM,,jiraadmin,Descript,MikeDemo2
DEMO-969,11874,Backlog,07/Jun/18 3:13 PM,07/Jun/18 3:13 PM,,jiraadmin,Descript,MikeDemo2
DEMO-968,11872,Backlog,07/Jun/18 3:13 PM,07/Jun/18 3:13 PM,,jiraadmin,Descript,MikeDemo2
DEMO-967,11873,Backlog,07/Jun/18 3:13 PM,07/Jun/18 3:13 PM,,jiraadmin,Descript,MikeDemo2
DEMO-966,11871,Backlog,07/Jun/18 3:13 PM,07/Jun/18 3:13 PM,,jiraadmin,Descript,MikeDemo2
DEMO-965,11869,Backlog,07/Jun/18 3:13 PM,07/Jun/18 3:13 PM,,jiraadmin,Descript,MikeDemo2
DEMO-964,11867,Backlog,07/Jun/18 3:13 PM,07/Jun/18 3:13 PM,,jiraadmin,Descript,MikeDemo2
DEMO-963,11868,Backlog,07/Jun/18 3:13 PM,07/Jun/18 3:13 PM,,jiraadmin,Descript,MikeDemo2
DEMO-962,11866,Backlog,07/Jun/18 3:13 PM,07/Jun/18 3:13 PM,,jiraadmin,Descript,MikeDemo2
DEMO-961,11865,Backlog,07/Jun/18 3:13 PM,07/Jun/18 3:13 PM,,jiraadmin,Descript,MikeDemo2
DEMO-960,11870,Backlog,07/Jun/18 3:13 PM,07/Jun/18 3:13 PM,,jiraadmin,Descript,MikeDemo2
DEMO-959,11864,Backlog,07/Jun/18 3:13 PM,07/Jun/18 3:13 PM,,jiraadmin,Descript,MikeDemo2
DEMO-958,11863,Backlog,07/Jun/18 3:13 PM,07/Jun/18 3:13 PM,,jiraadmin,Descript,MikeDemo2
DEMO-957,11862,Backlog,07/Jun/18 3:13 PM,07/Jun/18 3:13 PM,,jiraadmin,Descript,MikeDemo2
DEMO-956,11861,Backlog,07/Jun/18 3:13 PM,07/Jun/18 3:13 PM,,jiraadmin,Descript,MikeDemo2
DEMO-955,11860,Backlog,07/Jun/18 3:13 PM,07/Jun/18 3:13 PM,,jiraadmin,Descript,MikeDemo2
DEMO-954,11859,Backlog,07/Jun/18 3:13 PM,07/Jun/18 3:13 PM,,jiraadmin,Descript,MikeDemo2
DEMO-953,11858,Backlog,07/Jun/18 3:13 PM,07/Jun/18 3:13 PM,,jiraadmin,Descript,MikeDemo2
DEMO-952,11857,Backlog,07/Jun/18 3:13 PM,07/Jun/18 3:13 PM,,jiraadmin,Descript,MikeDemo2
DEMO-951,11856,Backlog,07/Jun/18 3:13 PM,07/Jun/18 3:13 PM,,jiraadmin,Descript,MikeDemo2
DEMO-950,11855,Backlog,07/Jun/18 3:13 PM,07/Jun/18 3:13 PM,,jiraadmin,Descript,MikeDemo2
DEMO-949,11854,Backlog,07/Jun/18 3:13 PM,07/Jun/18 3:13 PM,,jiraadmin,Descript,MikeDemo2
DEMO-948,11853,Backlog,07/Jun/18 3:13 PM,07/Jun/18 3:13 PM,,jiraadmin,Descript,MikeDemo2
DEMO-947,11852,Backlog,07/Jun/18 3:13 PM,07/Jun/18 3:13 PM,,jiraadmin,Descript,MikeDemo2
DEMO-946,11851,Backlog,07/Jun/18 3:13 PM,07/Jun/18 3:13 PM,,jiraadmin,Descript,MikeDemo2
DEMO-945,11850,Backlog,07/Jun/18 3:13 PM,07/Jun/18 3:13 PM,,jiraadmin,Descript,MikeDemo2
DEMO-944,11849,Backlog,07/Jun/18 3:13 PM,07/Jun/18 3:13 PM,,jiraadmin,Descript,MikeDemo2
DEMO-943,11848,Backlog,07/Jun/18 3:13 PM,07/Jun/18 3:13 PM,,jiraadmin,Descript,MikeDemo2
DEMO-942,11847,Backlog,07/Jun/18 3:13 PM,07/Jun/18 3:13 PM,,jiraadmin,Descript,MikeDemo2
DEMO-941,11846,Backlog,07/Jun/18 3:13 PM,07/Jun/18 3:13 PM,,jiraadmin,Descript,MikeDemo2
DEMO-940,11845,Backlog,07/Jun/18 3:13 PM,07/Jun/18 3:13 PM,,jiraadmin,Descript,MikeDemo2
DEMO-939,11844,Backlog,07/Jun/18 3:13 PM,07/Jun/18 3:13 PM,,jiraadmin,Descript,MikeDemo2
DEMO-938,11843,Backlog,07/Jun/18 3:13 PM,07/Jun/18 3:13 PM,,jiraadmin,Descript,MikeDemo2
DEMO-937,11842,Backlog,07/Jun/18 3:13 PM,07/Jun/18 3:13 PM,,jiraadmin,Descript,MikeDemo2
DEMO-936,11840,Backlog,07/Jun/18 3:13 PM,07/Jun/18 3:13 PM,,jiraadmin,Descript,MikeDemo2
DEMO-935,11841,Backlog,07/Jun/18 3:13 PM,07/Jun/18 3:13 PM,,jiraadmin,Descript,MikeDemo2
DEMO-934,11839,Backlog,07/Jun/18 3:13 PM,07/Jun/18 3:13 PM,,jiraadmin,Descript,MikeDemo2
DEMO-933,11838,Backlog,07/Jun/18 3:13 PM,07/Jun/18 3:13 PM,,jiraadmin,Descript,MikeDemo2
DEMO-932,11837,Backlog,07/Jun/18 3:13 PM,07/Jun/18 3:13 PM,,jiraadmin,Descript,MikeDemo2
DEMO-931,11836,Backlog,07/Jun/18 3:13 PM,07/Jun/18 3:13 PM,,jiraadmin,Descript,MikeDemo2
DEMO-930,11835,Backlog,07/Jun/18 3:13 PM,07/Jun/18 3:13 PM,,jiraadmin,Descript,MikeDemo2
DEMO-929,11834,Backlog,07/Jun/18 3:12 PM,07/Jun/18 3:12 PM,,jiraadmin,Descript,MikeDemo2
DEMO-928,11833,Backlog,07/Jun/18 3:12 PM,07/Jun/18 3:12 PM,,jiraadmin,Descript,MikeDemo2
DEMO-927,11832,Backlog,07/Jun/18 3:12 PM,07/Jun/18 3:12 PM,,jiraadmin,Descript,MikeDemo2
DEMO-926,11831,Backlog,07/Jun/18 3:12 PM,07/Jun/18 3:12 PM,,jiraadmin,Descript,MikeDemo2
DEMO-925,11830,Backlog,07/Jun/18 3:12 PM,07/Jun/18 3:12 PM,,jiraadmin,Descript,MikeDemo2
DEMO-924,11829,Backlog,07/Jun/18 3:12 PM,07/Jun/18 3:12 PM,,jiraadmin,Descript,MikeDemo2
DEMO-923,11827,Backlog,07/Jun/18 3:12 PM,07/Jun/18 3:12 PM,,jiraadmin,Descript,MikeDemo2
DEMO-922,11828,Backlog,07/Jun/18 3:12 PM,07/Jun/18 3:12 PM,,jiraadmin,Descript,MikeDemo2
DEMO-921,11826,Backlog,07/Jun/18 3:12 PM,07/Jun/18 3:12 PM,,jiraadmin,Descript,MikeDemo2
DEMO-920,11824,Backlog,07/Jun/18 3:12 PM,07/Jun/18 3:12 PM,,jiraadmin,Descript,MikeDemo2
DEMO-919,11825,Backlog,07/Jun/18 3:12 PM,07/Jun/18 3:12 PM,,jiraadmin,Descript,MikeDemo2
DEMO-918,11823,Backlog,07/Jun/18 3:12 PM,07/Jun/18 3:12 PM,,jiraadmin,Descript,MikeDemo2
DEMO-917,11822,Backlog,07/Jun/18 3:12 PM,07/Jun/18 3:12 PM,,jiraadmin,Descript,MikeDemo2
DEMO-916,11821,Backlog,07/Jun/18 3:12 PM,07/Jun/18 3:12 PM,,jiraadmin,Descript,MikeDemo2
DEMO-915,11820,Backlog,07/Jun/18 3:12 PM,07/Jun/18 3:12 PM,,jiraadmin,Descript,MikeDemo2
DEMO-914,11819,Backlog,07/Jun/18 3:12 PM,07/Jun/18 3:12 PM,,jiraadmin,Descript,MikeDemo2
DEMO-913,11818,Backlog,07/Jun/18 3:12 PM,07/Jun/18 3:12 PM,,jiraadmin,Descript,MikeDemo2
DEMO-912,11817,Backlog,07/Jun/18 3:12 PM,07/Jun/18 3:12 PM,,jiraadmin,Descript,MikeDemo2
DEMO-911,11816,Backlog,07/Jun/18 3:12 PM,07/Jun/18 3:12 PM,,jiraadmin,Descript,MikeDemo2
DEMO-910,11815,Backlog,07/Jun/18 3:12 PM,07/Jun/18 3:12 PM,,jiraadmin,Descript,MikeDemo2
DEMO-909,11814,Backlog,07/Jun/18 3:12 PM,07/Jun/18 3:12 PM,,jiraadmin,Descript,MikeDemo2
DEMO-908,11813,Backlog,07/Jun/18 3:12 PM,07/Jun/18 3:12 PM,,jiraadmin,Descript,MikeDemo2
DEMO-907,11812,Backlog,07/Jun/18 3:12 PM,07/Jun/18 3:12 PM,,jiraadmin,Descript,MikeDemo2
DEMO-906,11811,Backlog,07/Jun/18 3:12 PM,07/Jun/18 3:12 PM,,jiraadmin,Descript,MikeDemo2
DEMO-905,11810,Backlog,07/Jun/18 3:12 PM,07/Jun/18 3:12 PM,,jiraadmin,Descript,MikeDemo2
DEMO-904,11809,Backlog,07/Jun/18 3:12 PM,07/Jun/18 3:12 PM,,jiraadmin,Descript,MikeDemo2
DEMO-903,11807,Backlog,07/Jun/18 3:12 PM,07/Jun/18 3:12 PM,,jiraadmin,Descript,MikeDemo2
DEMO-902,11806,Backlog,07/Jun/18 3:12 PM,07/Jun/18 3:12 PM,,jiraadmin,Descript,MikeDemo2
DEMO-901,11805,Backlog,07/Jun/18 3:12 PM,07/Jun/18 3:12 PM,,jiraadmin,Descript,MikeDemo2
DEMO-900,11808,Backlog,07/Jun/18 3:12 PM,07/Jun/18 3:12 PM,,jiraadmin,Descript,MikeDemo2
DEMO-899,11804,Backlog,07/Jun/18 3:12 PM,07/Jun/18 3:12 PM,,jiraadmin,Descript,MikeDemo2
DEMO-898,11803,Backlog,07/Jun/18 3:12 PM,07/Jun/18 3:12 PM,,jiraadmin,Descript,MikeDemo2
DEMO-897,11802,Backlog,07/Jun/18 3:12 PM,07/Jun/18 3:12 PM,,jiraadmin,Descript,MikeDemo2
DEMO-896,11801,Backlog,07/Jun/18 3:12 PM,07/Jun/18 3:12 PM,,jiraadmin,Descript,MikeDemo2
DEMO-895,11800,Backlog,07/Jun/18 3:12 PM,07/Jun/18 3:12 PM,,jiraadmin,Descript,MikeDemo2
DEMO-894,11799,Backlog,07/Jun/18 3:12 PM,07/Jun/18 3:12 PM,,jiraadmin,Descript,MikeDemo2
DEMO-893,11798,Backlog,07/Jun/18 3:12 PM,07/Jun/18 3:12 PM,,jiraadmin,Descript,MikeDemo2
DEMO-892,11797,Backlog,07/Jun/18 3:12 PM,07/Jun/18 3:12 PM,,jiraadmin,Descript,MikeDemo2
DEMO-891,11795,Backlog,07/Jun/18 3:12 PM,07/Jun/18 3:12 PM,,jiraadmin,Descript,MikeDemo2
DEMO-890,11794,Backlog,07/Jun/18 3:12 PM,07/Jun/18 3:12 PM,,jiraadmin,Descript,MikeDemo2
DEMO-889,11793,Backlog,07/Jun/18 3:12 PM,07/Jun/18 3:12 PM,,jiraadmin,Descript,MikeDemo2
DEMO-888,11796,Backlog,07/Jun/18 3:12 PM,07/Jun/18 3:12 PM,,jiraadmin,Descript,MikeDemo2
DEMO-887,11792,Backlog,07/Jun/18 3:12 PM,07/Jun/18 3:12 PM,,jiraadmin,Descript,MikeDemo2
DEMO-886,11791,Backlog,07/Jun/18 3:12 PM,07/Jun/18 3:12 PM,,jiraadmin,Descript,MikeDemo2
DEMO-885,11790,Backlog,07/Jun/18 3:12 PM,07/Jun/18 3:12 PM,,jiraadmin,Descript,MikeDemo2
DEMO-884,11789,Backlog,07/Jun/18 3:12 PM,07/Jun/18 3:12 PM,,jiraadmin,Descript,MikeDemo2
DEMO-883,11788,Backlog,07/Jun/18 3:12 PM,07/Jun/18 3:12 PM,,jiraadmin,Descript,MikeDemo2
DEMO-882,11787,Backlog,07/Jun/18 3:12 PM,07/Jun/18 3:12 PM,,jiraadmin,Descript,MikeDemo2
DEMO-881,11786,Backlog,07/Jun/18 3:12 PM,07/Jun/18 3:12 PM,,jiraadmin,Descript,MikeDemo2
DEMO-880,11785,Backlog,07/Jun/18 3:12 PM,07/Jun/18 3:12 PM,,jiraadmin,Descript,MikeDemo2
DEMO-879,11784,Backlog,07/Jun/18 3:12 PM,07/Jun/18 3:12 PM,,jiraadmin,Descript,MikeDemo2
DEMO-878,11783,Backlog,07/Jun/18 3:12 PM,07/Jun/18 3:12 PM,,jiraadmin,Descript,MikeDemo2
DEMO-877,11782,Backlog,07/Jun/18 3:12 PM,07/Jun/18 3:12 PM,,jiraadmin,Descript,MikeDemo2
DEMO-876,11781,Backlog,07/Jun/18 3:12 PM,07/Jun/18 3:12 PM,,jiraadmin,Descript,MikeDemo2
DEMO-875,11780,Backlog,07/Jun/18 3:12 PM,07/Jun/18 3:12 PM,,jiraadmin,Descript,MikeDemo2
DEMO-874,11779,Backlog,07/Jun/18 3:12 PM,07/Jun/18 3:12 PM,,jiraadmin,Descript,MikeDemo2
DEMO-873,11778,Backlog,07/Jun/18 3:12 PM,07/Jun/18 3:12 PM,,jiraadmin,Descript,MikeDemo2
DEMO-872,11777,Backlog,07/Jun/18 3:12 PM,07/Jun/18 3:12 PM,,jiraadmin,Descript,MikeDemo2
DEMO-871,11776,Backlog,07/Jun/18 3:12 PM,07/Jun/18 3:12 PM,,jiraadmin,Descript,MikeDemo2
DEMO-870,11775,Backlog,07/Jun/18 3:12 PM,07/Jun/18 3:12 PM,,jiraadmin,Descript,MikeDemo2
DEMO-869,11774,Backlog,07/Jun/18 3:12 PM,07/Jun/18 3:12 PM,,jiraadmin,Descript,MikeDemo2
DEMO-868,11773,Backlog,07/Jun/18 3:12 PM,07/Jun/18 3:12 PM,,jiraadmin,Descript,MikeDemo2
DEMO-867,11772,Backlog,07/Jun/18 3:12 PM,07/Jun/18 3:12 PM,,jiraadmin,Descript,MikeDemo2
DEMO-866,11771,Backlog,07/Jun/18 3:12 PM,07/Jun/18 3:12 PM,,jiraadmin,Descript,MikeDemo2
DEMO-865,11770,Backlog,07/Jun/18 3:12 PM,07/Jun/18 3:12 PM,,jiraadmin,Descript,MikeDemo2
DEMO-864,11769,Backlog,07/Jun/18 3:12 PM,07/Jun/18 3:12 PM,,jiraadmin,Descript,MikeDemo2
DEMO-863,11767,Backlog,07/Jun/18 3:12 PM,07/Jun/18 3:12 PM,,jiraadmin,Descript,MikeDemo2
DEMO-862,11768,Backlog,07/Jun/18 3:12 PM,07/Jun/18 3:12 PM,,jiraadmin,Descript,MikeDemo2
DEMO-861,11766,Backlog,07/Jun/18 3:12 PM,07/Jun/18 3:12 PM,,jiraadmin,Descript,MikeDemo2
DEMO-860,11765,Backlog,07/Jun/18 3:12 PM,07/Jun/18 3:12 PM,,jiraadmin,Descript,MikeDemo2
DEMO-859,11764,Backlog,07/Jun/18 3:12 PM,07/Jun/18 3:12 PM,,jiraadmin,Descript,MikeDemo2
DEMO-858,11763,Backlog,07/Jun/18 3:12 PM,07/Jun/18 3:12 PM,,jiraadmin,Descript,MikeDemo2
DEMO-857,11762,Backlog,07/Jun/18 3:12 PM,07/Jun/18 3:12 PM,,jiraadmin,Descript,MikeDemo2
DEMO-856,11761,Backlog,07/Jun/18 3:12 PM,07/Jun/18 3:12 PM,,jiraadmin,Descript,MikeDemo2
DEMO-855,11760,Backlog,07/Jun/18 3:12 PM,07/Jun/18 3:12 PM,,jiraadmin,Descript,MikeDemo2
DEMO-854,11759,Backlog,07/Jun/18 3:12 PM,07/Jun/18 3:12 PM,,jiraadmin,Descript,MikeDemo2
DEMO-853,11758,Backlog,07/Jun/18 3:12 PM,07/Jun/18 3:12 PM,,jiraadmin,Descript,MikeDemo2
DEMO-852,11755,Backlog,07/Jun/18 3:12 PM,07/Jun/18 3:12 PM,,jiraadmin,Descript,MikeDemo2
DEMO-851,11757,Backlog,07/Jun/18 3:12 PM,07/Jun/18 3:12 PM,,jiraadmin,Descript,MikeDemo2
DEMO-850,11756,Backlog,07/Jun/18 3:12 PM,07/Jun/18 3:12 PM,,jiraadmin,Descript,MikeDemo2
DEMO-849,11754,Backlog,07/Jun/18 3:12 PM,07/Jun/18 3:12 PM,,jiraadmin,Descript,MikeDemo2
DEMO-848,11752,Backlog,07/Jun/18 3:12 PM,07/Jun/18 3:12 PM,,jiraadmin,Descript,MikeDemo2
DEMO-847,11753,Backlog,07/Jun/18 3:12 PM,07/Jun/18 3:12 PM,,jiraadmin,Descript,MikeDemo2
DEMO-846,11751,Backlog,07/Jun/18 3:12 PM,07/Jun/18 3:12 PM,,jiraadmin,Descript,MikeDemo2
DEMO-845,11750,Backlog,07/Jun/18 3:12 PM,07/Jun/18 3:12 PM,,jiraadmin,Descript,MikeDemo2
DEMO-844,11749,Backlog,07/Jun/18 3:12 PM,07/Jun/18 3:12 PM,,jiraadmin,Descript,MikeDemo2
DEMO-843,11748,Backlog,07/Jun/18 3:12 PM,07/Jun/18 3:12 PM,,jiraadmin,Descript,MikeDemo2
DEMO-842,11747,Backlog,07/Jun/18 3:12 PM,07/Jun/18 3:12 PM,,jiraadmin,Descript,MikeDemo2
DEMO-841,11746,Backlog,07/Jun/18 3:12 PM,07/Jun/18 3:12 PM,,jiraadmin,Descript,MikeDemo2
DEMO-840,11745,Backlog,07/Jun/18 3:12 PM,07/Jun/18 3:12 PM,,jiraadmin,Descript,MikeDemo2
DEMO-839,11744,Backlog,07/Jun/18 3:12 PM,07/Jun/18 3:12 PM,,jiraadmin,Descript,MikeDemo2
DEMO-838,11743,Backlog,07/Jun/18 3:12 PM,07/Jun/18 3:12 PM,,jiraadmin,Descript,MikeDemo2
DEMO-837,11742,Backlog,07/Jun/18 3:12 PM,07/Jun/18 3:12 PM,,jiraadmin,Descript,MikeDemo2
DEMO-836,11741,Backlog,07/Jun/18 3:12 PM,07/Jun/18 3:12 PM,,jiraadmin,Descript,MikeDemo2
DEMO-835,11740,Backlog,07/Jun/18 3:12 PM,07/Jun/18 3:12 PM,,jiraadmin,Descript,MikeDemo2
DEMO-834,11739,Backlog,07/Jun/18 3:12 PM,07/Jun/18 3:12 PM,,jiraadmin,Descript,MikeDemo2
DEMO-833,11738,Backlog,07/Jun/18 3:12 PM,07/Jun/18 3:12 PM,,jiraadmin,Descript,MikeDemo2
DEMO-832,11737,Backlog,07/Jun/18 3:12 PM,07/Jun/18 3:12 PM,,jiraadmin,Descript,MikeDemo2
DEMO-831,11735,Backlog,07/Jun/18 3:12 PM,07/Jun/18 3:12 PM,,jiraadmin,Descript,MikeDemo2
DEMO-830,11736,Backlog,07/Jun/18 3:12 PM,07/Jun/18 3:12 PM,,jiraadmin,Descript,MikeDemo2
DEMO-829,11734,Backlog,07/Jun/18 3:12 PM,07/Jun/18 3:12 PM,,jiraadmin,Descript,MikeDemo2
DEMO-828,11733,Backlog,07/Jun/18 3:12 PM,07/Jun/18 3:12 PM,,jiraadmin,Descript,MikeDemo2
DEMO-827,11732,Backlog,07/Jun/18 3:12 PM,07/Jun/18 3:12 PM,,jiraadmin,Descript,MikeDemo2
DEMO-826,11731,Backlog,07/Jun/18 3:12 PM,07/Jun/18 3:12 PM,,jiraadmin,Descript,MikeDemo2
DEMO-825,11730,Backlog,07/Jun/18 3:12 PM,07/Jun/18 3:12 PM,,jiraadmin,Descript,MikeDemo2
DEMO-824,11729,Backlog,07/Jun/18 3:12 PM,07/Jun/18 3:12 PM,,jiraadmin,Descript,MikeDemo2
DEMO-823,11728,Backlog,07/Jun/18 3:12 PM,07/Jun/18 3:12 PM,,jiraadmin,Descript,MikeDemo2
DEMO-822,11727,Backlog,07/Jun/18 3:12 PM,07/Jun/18 3:12 PM,,jiraadmin,Descript,MikeDemo2
DEMO-821,11726,Backlog,07/Jun/18 3:12 PM,07/Jun/18 3:12 PM,,jiraadmin,Descript,MikeDemo2
DEMO-820,11725,Backlog,07/Jun/18 3:12 PM,07/Jun/18 3:12 PM,,jiraadmin,Descript,MikeDemo2
DEMO-819,11724,Backlog,07/Jun/18 3:12 PM,07/Jun/18 3:12 PM,,jiraadmin,Descript,MikeDemo2
DEMO-818,11723,Backlog,07/Jun/18 3:12 PM,07/Jun/18 3:12 PM,,jiraadmin,Descript,MikeDemo2
DEMO-817,11722,Backlog,07/Jun/18 3:12 PM,07/Jun/18 3:12 PM,,jiraadmin,Descript,MikeDemo2
DEMO-816,11721,Backlog,07/Jun/18 3:12 PM,07/Jun/18 3:12 PM,,jiraadmin,Descript,MikeDemo2
DEMO-815,11718,Backlog,07/Jun/18 3:12 PM,07/Jun/18 3:12 PM,,jiraadmin,Descript,MikeDemo2
DEMO-814,11719,Backlog,07/Jun/18 3:12 PM,07/Jun/18 3:12 PM,,jiraadmin,Descript,MikeDemo2
DEMO-813,11717,Backlog,07/Jun/18 3:12 PM,07/Jun/18 3:12 PM,,jiraadmin,Descript,MikeDemo2
DEMO-812,11720,Backlog,07/Jun/18 3:12 PM,07/Jun/18 3:12 PM,,jiraadmin,Descript,MikeDemo2
DEMO-811,11716,Backlog,07/Jun/18 3:12 PM,07/Jun/18 3:12 PM,,jiraadmin,Descript,MikeDemo2
DEMO-810,11715,Backlog,07/Jun/18 3:11 PM,07/Jun/18 3:11 PM,,jiraadmin,Descript,MikeDemo2
DEMO-809,11713,Backlog,07/Jun/18 3:11 PM,07/Jun/18 3:11 PM,,jiraadmin,Descript,MikeDemo2
DEMO-808,11714,Backlog,07/Jun/18 3:11 PM,07/Jun/18 3:11 PM,,jiraadmin,Descript,MikeDemo2
DEMO-807,11712,Backlog,07/Jun/18 3:11 PM,07/Jun/18 3:11 PM,,jiraadmin,Descript,MikeDemo2
DEMO-806,11711,Backlog,07/Jun/18 3:11 PM,07/Jun/18 3:11 PM,,jiraadmin,Descript,MikeDemo2
DEMO-805,11710,Backlog,07/Jun/18 3:11 PM,07/Jun/18 3:11 PM,,jiraadmin,Descript,MikeDemo2
DEMO-804,11708,Backlog,07/Jun/18 3:11 PM,07/Jun/18 3:11 PM,,jiraadmin,Descript,MikeDemo2
DEMO-803,11707,Backlog,07/Jun/18 3:11 PM,07/Jun/18 3:11 PM,,jiraadmin,Descript,MikeDemo2
DEMO-802,11709,Backlog,07/Jun/18 3:11 PM,07/Jun/18 3:11 PM,,jiraadmin,Descript,MikeDemo2
DEMO-801,11706,Backlog,07/Jun/18 3:11 PM,07/Jun/18 3:11 PM,,jiraadmin,Descript,MikeDemo2
DEMO-800,11705,Backlog,07/Jun/18 3:11 PM,07/Jun/18 3:11 PM,,jiraadmin,Descript,MikeDemo2
DEMO-799,11704,Backlog,07/Jun/18 3:11 PM,07/Jun/18 3:11 PM,,jiraadmin,Descript,MikeDemo2
DEMO-798,11703,Backlog,07/Jun/18 3:11 PM,07/Jun/18 3:11 PM,,jiraadmin,Descript,MikeDemo2
DEMO-797,11702,Backlog,07/Jun/18 3:11 PM,07/Jun/18 3:11 PM,,jiraadmin,Descript,MikeDemo2
DEMO-796,11701,Backlog,07/Jun/18 3:11 PM,07/Jun/18 3:11 PM,,jiraadmin,Descript,MikeDemo2
DEMO-795,11700,Backlog,07/Jun/18 3:11 PM,07/Jun/18 3:11 PM,,jiraadmin,Descript,MikeDemo2
DEMO-794,11699,Backlog,07/Jun/18 3:11 PM,07/Jun/18 3:11 PM,,jiraadmin,Descript,MikeDemo2
DEMO-793,11698,Backlog,07/Jun/18 3:11 PM,07/Jun/18 3:11 PM,,jiraadmin,Descript,MikeDemo2
DEMO-792,11697,Backlog,07/Jun/18 3:11 PM,07/Jun/18 3:11 PM,,jiraadmin,Descript,MikeDemo2
DEMO-791,11696,Backlog,07/Jun/18 3:11 PM,07/Jun/18 3:11 PM,,jiraadmin,Descript,MikeDemo2
DEMO-790,11695,Backlog,07/Jun/18 3:11 PM,07/Jun/18 3:11 PM,,jiraadmin,Descript,MikeDemo2
DEMO-789,11694,Backlog,07/Jun/18 3:11 PM,07/Jun/18 3:11 PM,,jiraadmin,Descript,MikeDemo2
DEMO-788,11693,Backlog,07/Jun/18 3:11 PM,07/Jun/18 3:11 PM,,jiraadmin,Descript,MikeDemo2
DEMO-787,11692,Backlog,07/Jun/18 3:11 PM,07/Jun/18 3:11 PM,,jiraadmin,Descript,MikeDemo2
DEMO-786,11691,Backlog,07/Jun/18 3:11 PM,07/Jun/18 3:11 PM,,jiraadmin,Descript,MikeDemo2
DEMO-785,11689,Backlog,07/Jun/18 3:11 PM,07/Jun/18 3:11 PM,,jiraadmin,Descript,MikeDemo2
DEMO-784,11688,Backlog,07/Jun/18 3:11 PM,07/Jun/18 3:11 PM,,jiraadmin,Descript,MikeDemo2
DEMO-783,11690,Backlog,07/Jun/18 3:11 PM,07/Jun/18 3:11 PM,,jiraadmin,Descript,MikeDemo2
DEMO-782,11687,Backlog,07/Jun/18 3:11 PM,07/Jun/18 3:11 PM,,jiraadmin,Descript,MikeDemo2
DEMO-781,11686,Backlog,07/Jun/18 3:11 PM,07/Jun/18 3:11 PM,,jiraadmin,Descript,MikeDemo2
DEMO-780,11685,Backlog,07/Jun/18 3:11 PM,07/Jun/18 3:11 PM,,jiraadmin,Descript,MikeDemo2
DEMO-779,11684,Backlog,07/Jun/18 3:11 PM,07/Jun/18 3:11 PM,,jiraadmin,Descript,MikeDemo2
DEMO-778,11683,Backlog,07/Jun/18 3:11 PM,07/Jun/18 3:11 PM,,jiraadmin,Descript,MikeDemo2
DEMO-777,11682,Backlog,07/Jun/18 3:11 PM,07/Jun/18 3:11 PM,,jiraadmin,Descript,MikeDemo2
DEMO-776,11681,Backlog,07/Jun/18 3:11 PM,07/Jun/18 3:11 PM,,jiraadmin,Descript,MikeDemo2
DEMO-775,11680,Backlog,07/Jun/18 3:11 PM,07/Jun/18 3:11 PM,,jiraadmin,Descript,MikeDemo2
DEMO-774,11679,Backlog,07/Jun/18 3:11 PM,07/Jun/18 3:11 PM,,jiraadmin,Descript,MikeDemo2
DEMO-773,11678,Backlog,07/Jun/18 3:11 PM,07/Jun/18 3:11 PM,,jiraadmin,Descript,MikeDemo2
DEMO-772,11677,Backlog,07/Jun/18 3:11 PM,07/Jun/18 3:11 PM,,jiraadmin,Descript,MikeDemo2
DEMO-771,11676,Backlog,07/Jun/18 3:11 PM,07/Jun/18 3:11 PM,,jiraadmin,Descript,MikeDemo2
DEMO-770,11675,Backlog,07/Jun/18 3:11 PM,07/Jun/18 3:11 PM,,jiraadmin,Descript,MikeDemo2
DEMO-769,11674,Backlog,07/Jun/18 3:11 PM,07/Jun/18 3:11 PM,,jiraadmin,Descript,MikeDemo2
DEMO-768,11673,Backlog,07/Jun/18 3:11 PM,07/Jun/18 3:11 PM,,jiraadmin,Descript,MikeDemo2
DEMO-767,11672,Backlog,07/Jun/18 3:11 PM,07/Jun/18 3:11 PM,,jiraadmin,Descript,MikeDemo2
DEMO-766,11671,Backlog,07/Jun/18 3:11 PM,07/Jun/18 3:11 PM,,jiraadmin,Descript,MikeDemo2
DEMO-765,11670,Backlog,07/Jun/18 3:11 PM,07/Jun/18 3:11 PM,,jiraadmin,Descript,MikeDemo2
DEMO-764,11669,Backlog,07/Jun/18 3:11 PM,07/Jun/18 3:11 PM,,jiraadmin,Descript,MikeDemo2
DEMO-763,11668,Backlog,07/Jun/18 3:11 PM,07/Jun/18 3:11 PM,,jiraadmin,Descript,MikeDemo2
DEMO-762,11667,Backlog,07/Jun/18 3:11 PM,07/Jun/18 3:11 PM,,jiraadmin,Descript,MikeDemo2
DEMO-761,11665,Backlog,07/Jun/18 3:11 PM,07/Jun/18 3:11 PM,,jiraadmin,Descript,MikeDemo2
DEMO-760,11666,Backlog,07/Jun/18 3:11 PM,07/Jun/18 3:11 PM,,jiraadmin,Descript,MikeDemo2
DEMO-759,11664,Backlog,07/Jun/18 3:11 PM,07/Jun/18 3:11 PM,,jiraadmin,Descript,MikeDemo2
DEMO-758,11663,Backlog,07/Jun/18 3:11 PM,07/Jun/18 3:11 PM,,jiraadmin,Descript,MikeDemo2
DEMO-757,11662,Backlog,07/Jun/18 3:11 PM,07/Jun/18 3:11 PM,,jiraadmin,Descript,MikeDemo2
DEMO-756,11661,Backlog,07/Jun/18 3:11 PM,07/Jun/18 3:11 PM,,jiraadmin,Descript,MikeDemo2
DEMO-755,11660,Backlog,07/Jun/18 3:11 PM,07/Jun/18 3:11 PM,,jiraadmin,Descript,MikeDemo2
DEMO-754,11659,Backlog,07/Jun/18 3:11 PM,07/Jun/18 3:11 PM,,jiraadmin,Descript,MikeDemo2
DEMO-753,11658,Backlog,07/Jun/18 3:11 PM,07/Jun/18 3:11 PM,,jiraadmin,Descript,MikeDemo2
DEMO-752,11657,Backlog,07/Jun/18 3:11 PM,07/Jun/18 3:11 PM,,jiraadmin,Descript,MikeDemo2
DEMO-751,11656,Backlog,07/Jun/18 3:11 PM,07/Jun/18 3:11 PM,,jiraadmin,Descript,MikeDemo2
DEMO-750,11655,Backlog,07/Jun/18 3:11 PM,07/Jun/18 3:11 PM,,jiraadmin,Descript,MikeDemo2
DEMO-749,11654,Backlog,07/Jun/18 3:11 PM,07/Jun/18 3:11 PM,,jiraadmin,Descript,MikeDemo2
DEMO-748,11653,Backlog,07/Jun/18 3:11 PM,07/Jun/18 3:11 PM,,jiraadmin,Descript,MikeDemo2
DEMO-747,11652,Backlog,07/Jun/18 3:11 PM,07/Jun/18 3:11 PM,,jiraadmin,Descript,MikeDemo2
DEMO-746,11651,Backlog,07/Jun/18 3:11 PM,07/Jun/18 3:11 PM,,jiraadmin,Descript,MikeDemo2
DEMO-745,11650,Backlog,07/Jun/18 3:11 PM,07/Jun/18 3:11 PM,,jiraadmin,Descript,MikeDemo2
DEMO-744,11649,Backlog,07/Jun/18 3:11 PM,07/Jun/18 3:11 PM,,jiraadmin,Descript,MikeDemo2
DEMO-743,11648,Backlog,07/Jun/18 3:11 PM,07/Jun/18 3:11 PM,,jiraadmin,Descript,MikeDemo2
DEMO-742,11647,Backlog,07/Jun/18 3:11 PM,07/Jun/18 3:11 PM,,jiraadmin,Descript,MikeDemo2
DEMO-741,11646,Backlog,07/Jun/18 3:11 PM,07/Jun/18 3:11 PM,,jiraadmin,Descript,MikeDemo2
DEMO-740,11645,Backlog,07/Jun/18 3:11 PM,07/Jun/18 3:11 PM,,jiraadmin,Descript,MikeDemo2
DEMO-739,11644,Backlog,07/Jun/18 3:11 PM,07/Jun/18 3:11 PM,,jiraadmin,Descript,MikeDemo2
DEMO-738,11643,Backlog,07/Jun/18 3:11 PM,07/Jun/18 3:11 PM,,jiraadmin,Descript,MikeDemo2
DEMO-737,11641,Backlog,07/Jun/18 3:11 PM,07/Jun/18 3:11 PM,,jiraadmin,Descript,MikeDemo2
DEMO-736,11642,Backlog,07/Jun/18 3:11 PM,07/Jun/18 3:11 PM,,jiraadmin,Descript,MikeDemo2
DEMO-735,11640,Backlog,07/Jun/18 3:11 PM,07/Jun/18 3:11 PM,,jiraadmin,Descript,MikeDemo2
DEMO-734,11639,Backlog,07/Jun/18 3:11 PM,07/Jun/18 3:11 PM,,jiraadmin,Descript,MikeDemo2
DEMO-733,11638,Backlog,07/Jun/18 3:11 PM,07/Jun/18 3:11 PM,,jiraadmin,Descript,MikeDemo2
DEMO-732,11637,Backlog,07/Jun/18 3:11 PM,07/Jun/18 3:11 PM,,jiraadmin,Descript,MikeDemo2
DEMO-731,11635,Backlog,07/Jun/18 3:11 PM,07/Jun/18 3:11 PM,,jiraadmin,Descript,MikeDemo2
DEMO-730,11636,Backlog,07/Jun/18 3:11 PM,07/Jun/18 3:11 PM,,jiraadmin,Descript,MikeDemo2
DEMO-729,11634,Backlog,07/Jun/18 3:11 PM,07/Jun/18 3:11 PM,,jiraadmin,Descript,MikeDemo2
DEMO-728,11633,Backlog,07/Jun/18 3:11 PM,07/Jun/18 3:11 PM,,jiraadmin,Descript,MikeDemo2
DEMO-727,11632,Backlog,07/Jun/18 3:11 PM,07/Jun/18 3:11 PM,,jiraadmin,Descript,MikeDemo2
DEMO-726,11631,Backlog,07/Jun/18 3:11 PM,07/Jun/18 3:11 PM,,jiraadmin,Descript,MikeDemo2
DEMO-725,11630,Backlog,07/Jun/18 3:11 PM,07/Jun/18 3:11 PM,,jiraadmin,Descript,MikeDemo2
DEMO-724,11629,Backlog,07/Jun/18 3:11 PM,07/Jun/18 3:11 PM,,jiraadmin,Descript,MikeDemo2
DEMO-723,11628,Backlog,07/Jun/18 3:11 PM,07/Jun/18 3:11 PM,,jiraadmin,Descript,MikeDemo2
DEMO-722,11627,Backlog,07/Jun/18 3:11 PM,07/Jun/18 3:11 PM,,jiraadmin,Descript,MikeDemo2
DEMO-721,11625,Backlog,07/Jun/18 3:11 PM,07/Jun/18 3:11 PM,,jiraadmin,Descript,MikeDemo2
DEMO-720,11626,Backlog,07/Jun/18 3:11 PM,07/Jun/18 3:11 PM,,jiraadmin,Descript,MikeDemo2
DEMO-719,11624,Backlog,07/Jun/18 3:11 PM,07/Jun/18 3:11 PM,,jiraadmin,Descript,MikeDemo2
DEMO-718,11623,Backlog,07/Jun/18 3:11 PM,07/Jun/18 3:11 PM,,jiraadmin,Descript,MikeDemo2
DEMO-717,11622,Backlog,07/Jun/18 3:11 PM,07/Jun/18 3:11 PM,,jiraadmin,Descript,MikeDemo2
DEMO-716,11621,Backlog,07/Jun/18 3:11 PM,07/Jun/18 3:11 PM,,jiraadmin,Descript,MikeDemo2
DEMO-715,11620,Backlog,07/Jun/18 3:11 PM,07/Jun/18 3:11 PM,,jiraadmin,Descript,MikeDemo2
DEMO-714,11619,Backlog,07/Jun/18 3:11 PM,07/Jun/18 3:11 PM,,jiraadmin,Descript,MikeDemo2
DEMO-713,11617,Backlog,07/Jun/18 3:11 PM,07/Jun/18 3:11 PM,,jiraadmin,Descript,MikeDemo2
DEMO-712,11618,Backlog,07/Jun/18 3:11 PM,07/Jun/18 3:11 PM,,jiraadmin,Descript,MikeDemo2
DEMO-711,11616,Backlog,07/Jun/18 3:11 PM,07/Jun/18 3:11 PM,,jiraadmin,Descript,MikeDemo2
DEMO-710,11615,Backlog,07/Jun/18 3:11 PM,07/Jun/18 3:11 PM,,jiraadmin,Descript,MikeDemo2
DEMO-709,11614,Backlog,07/Jun/18 3:11 PM,07/Jun/18 3:11 PM,,jiraadmin,Descript,MikeDemo2
DEMO-708,11613,Backlog,07/Jun/18 3:11 PM,07/Jun/18 3:11 PM,,jiraadmin,Descript,MikeDemo2
DEMO-707,11612,Backlog,07/Jun/18 3:11 PM,07/Jun/18 3:11 PM,,jiraadmin,Descript,MikeDemo2
DEMO-706,11611,Backlog,07/Jun/18 3:11 PM,07/Jun/18 3:11 PM,,jiraadmin,Descript,MikeDemo2
DEMO-705,11610,Backlog,07/Jun/18 3:11 PM,07/Jun/18 3:11 PM,,jiraadmin,Descript,MikeDemo2
DEMO-704,11609,Backlog,07/Jun/18 3:11 PM,07/Jun/18 3:11 PM,,jiraadmin,Descript,MikeDemo2
DEMO-703,11608,Backlog,07/Jun/18 3:11 PM,07/Jun/18 3:11 PM,,jiraadmin,Descript,MikeDemo2
DEMO-702,11607,Backlog,07/Jun/18 3:11 PM,07/Jun/18 3:11 PM,,jiraadmin,Descript,MikeDemo2
DEMO-701,11605,Backlog,07/Jun/18 3:11 PM,07/Jun/18 3:11 PM,,jiraadmin,Descript,MikeDemo2
DEMO-700,11604,Backlog,07/Jun/18 3:11 PM,07/Jun/18 3:11 PM,,jiraadmin,Descript,MikeDemo2
DEMO-699,11606,Backlog,07/Jun/18 3:11 PM,07/Jun/18 3:11 PM,,jiraadmin,Descript,MikeDemo2
DEMO-698,11603,Backlog,07/Jun/18 3:11 PM,07/Jun/18 3:11 PM,,jiraadmin,Descript,MikeDemo2
DEMO-697,11602,Backlog,07/Jun/18 3:11 PM,07/Jun/18 3:11 PM,,jiraadmin,Descript,MikeDemo2
DEMO-696,11601,Backlog,07/Jun/18 3:10 PM,07/Jun/18 3:10 PM,,jiraadmin,Descript,MikeDemo2
DEMO-695,11600,Backlog,07/Jun/18 3:10 PM,07/Jun/18 3:10 PM,,jiraadmin,Descript,MikeDemo2
DEMO-694,11599,Backlog,07/Jun/18 3:10 PM,07/Jun/18 3:10 PM,,jiraadmin,Descript,MikeDemo2
DEMO-693,11598,Backlog,07/Jun/18 3:10 PM,07/Jun/18 3:10 PM,,jiraadmin,Descript,MikeDemo2
DEMO-692,11597,Backlog,07/Jun/18 3:10 PM,07/Jun/18 3:10 PM,,jiraadmin,Descript,MikeDemo2
DEMO-691,11596,Backlog,07/Jun/18 3:10 PM,07/Jun/18 3:10 PM,,jiraadmin,Descript,MikeDemo2
DEMO-690,11595,Backlog,07/Jun/18 3:10 PM,07/Jun/18 3:10 PM,,jiraadmin,Descript,MikeDemo2
DEMO-689,11594,Backlog,07/Jun/18 3:10 PM,07/Jun/18 3:10 PM,,jiraadmin,Descript,MikeDemo2
DEMO-688,11593,Backlog,07/Jun/18 3:10 PM,07/Jun/18 3:10 PM,,jiraadmin,Descript,MikeDemo2
DEMO-687,11592,Backlog,07/Jun/18 3:10 PM,07/Jun/18 3:10 PM,,jiraadmin,Descript,MikeDemo2
DEMO-686,11591,Backlog,07/Jun/18 3:10 PM,07/Jun/18 3:10 PM,,jiraadmin,Descript,MikeDemo2
DEMO-685,11590,Backlog,07/Jun/18 3:10 PM,07/Jun/18 3:10 PM,,jiraadmin,Descript,MikeDemo2
DEMO-684,11589,Backlog,07/Jun/18 3:10 PM,07/Jun/18 3:10 PM,,jiraadmin,Descript,MikeDemo2
DEMO-683,11588,Backlog,07/Jun/18 3:10 PM,07/Jun/18 3:10 PM,,jiraadmin,Descript,MikeDemo2
DEMO-682,11587,Backlog,07/Jun/18 3:10 PM,07/Jun/18 3:10 PM,,jiraadmin,Descript,MikeDemo2
DEMO-681,11585,Backlog,07/Jun/18 3:10 PM,07/Jun/18 3:10 PM,,jiraadmin,Descript,MikeDemo2
DEMO-680,11586,Backlog,07/Jun/18 3:10 PM,07/Jun/18 3:10 PM,,jiraadmin,Descript,MikeDemo2
DEMO-679,11584,Backlog,07/Jun/18 3:10 PM,07/Jun/18 3:10 PM,,jiraadmin,Descript,MikeDemo2
DEMO-678,11583,Backlog,07/Jun/18 3:10 PM,07/Jun/18 3:10 PM,,jiraadmin,Descript,MikeDemo2
DEMO-677,11582,Backlog,07/Jun/18 3:10 PM,07/Jun/18 3:10 PM,,jiraadmin,Descript,MikeDemo2
DEMO-676,11581,Backlog,07/Jun/18 3:10 PM,07/Jun/18 3:10 PM,,jiraadmin,Descript,MikeDemo2
DEMO-675,11580,Backlog,07/Jun/18 3:10 PM,07/Jun/18 3:10 PM,,jiraadmin,Descript,MikeDemo2
DEMO-674,11579,Backlog,07/Jun/18 3:10 PM,07/Jun/18 3:10 PM,,jiraadmin,Descript,MikeDemo2
DEMO-673,11578,Backlog,07/Jun/18 3:10 PM,07/Jun/18 3:10 PM,,jiraadmin,Descript,MikeDemo2
DEMO-672,11576,Backlog,07/Jun/18 3:10 PM,07/Jun/18 3:10 PM,,jiraadmin,Descript,MikeDemo2
DEMO-671,11575,Backlog,07/Jun/18 3:10 PM,07/Jun/18 3:10 PM,,jiraadmin,Descript,MikeDemo2
DEMO-670,11574,Backlog,07/Jun/18 3:10 PM,07/Jun/18 3:10 PM,,jiraadmin,Descript,MikeDemo2
DEMO-669,11577,Backlog,07/Jun/18 3:10 PM,07/Jun/18 3:10 PM,,jiraadmin,Descript,MikeDemo2
DEMO-668,11573,Backlog,07/Jun/18 3:10 PM,07/Jun/18 3:10 PM,,jiraadmin,Descript,MikeDemo2
DEMO-667,11572,Backlog,07/Jun/18 3:10 PM,07/Jun/18 3:10 PM,,jiraadmin,Descript,MikeDemo2
DEMO-666,11571,Backlog,07/Jun/18 3:10 PM,07/Jun/18 3:10 PM,,jiraadmin,Descript,MikeDemo2
DEMO-665,11570,Backlog,07/Jun/18 3:10 PM,07/Jun/18 3:10 PM,,jiraadmin,Descript,MikeDemo2
DEMO-664,11568,Backlog,07/Jun/18 3:10 PM,07/Jun/18 3:10 PM,,jiraadmin,Descript,MikeDemo2
DEMO-663,11569,Backlog,07/Jun/18 3:10 PM,07/Jun/18 3:10 PM,,jiraadmin,Descript,MikeDemo2
DEMO-662,11567,Backlog,07/Jun/18 3:10 PM,07/Jun/18 3:10 PM,,jiraadmin,Descript,MikeDemo2
DEMO-661,11566,Backlog,07/Jun/18 3:10 PM,07/Jun/18 3:10 PM,,jiraadmin,Descript,MikeDemo2
DEMO-660,11565,Backlog,07/Jun/18 3:10 PM,07/Jun/18 3:10 PM,,jiraadmin,Descript,MikeDemo2
DEMO-659,11563,Backlog,07/Jun/18 3:10 PM,07/Jun/18 3:10 PM,,jiraadmin,Descript,MikeDemo2
DEMO-658,11564,Backlog,07/Jun/18 3:10 PM,07/Jun/18 3:10 PM,,jiraadmin,Descript,MikeDemo2
DEMO-657,11562,Backlog,07/Jun/18 3:10 PM,07/Jun/18 3:10 PM,,jiraadmin,Descript,MikeDemo2
DEMO-656,11561,Backlog,07/Jun/18 3:10 PM,07/Jun/18 3:10 PM,,jiraadmin,Descript,MikeDemo2
DEMO-655,11560,Backlog,07/Jun/18 3:10 PM,07/Jun/18 3:10 PM,,jiraadmin,Descript,MikeDemo2
DEMO-654,11559,Backlog,07/Jun/18 3:10 PM,07/Jun/18 3:10 PM,,jiraadmin,Descript,MikeDemo2
DEMO-653,11558,Backlog,07/Jun/18 3:10 PM,07/Jun/18 3:10 PM,,jiraadmin,Descript,MikeDemo2
DEMO-652,11557,Backlog,07/Jun/18 3:10 PM,07/Jun/18 3:10 PM,,jiraadmin,Descript,MikeDemo2
DEMO-651,11556,Backlog,07/Jun/18 3:10 PM,07/Jun/18 3:10 PM,,jiraadmin,Descript,MikeDemo2
DEMO-650,11555,Backlog,07/Jun/18 3:10 PM,07/Jun/18 3:10 PM,,jiraadmin,Descript,MikeDemo2
DEMO-649,11554,Backlog,07/Jun/18 3:10 PM,07/Jun/18 3:10 PM,,jiraadmin,Descript,MikeDemo2
DEMO-648,11553,Backlog,07/Jun/18 3:10 PM,07/Jun/18 3:10 PM,,jiraadmin,Descript,MikeDemo2
DEMO-647,11552,Backlog,07/Jun/18 3:10 PM,07/Jun/18 3:10 PM,,jiraadmin,Descript,MikeDemo2
DEMO-646,11550,Backlog,07/Jun/18 3:10 PM,07/Jun/18 3:10 PM,,jiraadmin,Descript,MikeDemo2
DEMO-645,11551,Backlog,07/Jun/18 3:10 PM,07/Jun/18 3:10 PM,,jiraadmin,Descript,MikeDemo2
DEMO-644,11549,Backlog,07/Jun/18 3:10 PM,07/Jun/18 3:10 PM,,jiraadmin,Descript,MikeDemo2
DEMO-643,11548,Backlog,07/Jun/18 3:10 PM,07/Jun/18 3:10 PM,,jiraadmin,Descript,MikeDemo2
DEMO-642,11547,Backlog,07/Jun/18 3:10 PM,07/Jun/18 3:10 PM,,jiraadmin,Descript,MikeDemo2
DEMO-641,11545,Backlog,07/Jun/18 3:10 PM,07/Jun/18 3:10 PM,,jiraadmin,Descript,MikeDemo2
DEMO-640,11546,Backlog,07/Jun/18 3:10 PM,07/Jun/18 3:10 PM,,jiraadmin,Descript,MikeDemo2
DEMO-639,11544,Backlog,07/Jun/18 3:10 PM,07/Jun/18 3:10 PM,,jiraadmin,Descript,MikeDemo2
DEMO-638,11543,Backlog,07/Jun/18 3:10 PM,07/Jun/18 3:10 PM,,jiraadmin,Descript,MikeDemo2
DEMO-637,11542,Backlog,07/Jun/18 3:10 PM,07/Jun/18 3:10 PM,,jiraadmin,Descript,MikeDemo2
DEMO-636,11541,Backlog,07/Jun/18 3:10 PM,07/Jun/18 3:10 PM,,jiraadmin,Descript,MikeDemo2
DEMO-635,11540,Backlog,07/Jun/18 3:10 PM,07/Jun/18 3:10 PM,,jiraadmin,Descript,MikeDemo2
DEMO-634,11539,Backlog,07/Jun/18 3:10 PM,07/Jun/18 3:10 PM,,jiraadmin,Descript,MikeDemo2
DEMO-633,11538,Backlog,07/Jun/18 3:10 PM,07/Jun/18 3:10 PM,,jiraadmin,Descript,MikeDemo2
DEMO-632,11537,Backlog,07/Jun/18 3:10 PM,07/Jun/18 3:10 PM,,jiraadmin,Descript,MikeDemo2
DEMO-631,11536,Backlog,07/Jun/18 3:10 PM,07/Jun/18 3:10 PM,,jiraadmin,Descript,MikeDemo2
DEMO-630,11534,Backlog,07/Jun/18 3:10 PM,07/Jun/18 3:10 PM,,jiraadmin,Descript,MikeDemo2
DEMO-629,11535,Backlog,07/Jun/18 3:10 PM,07/Jun/18 3:10 PM,,jiraadmin,Descript,MikeDemo2
DEMO-628,11532,Backlog,07/Jun/18 3:10 PM,07/Jun/18 3:10 PM,,jiraadmin,Descript,MikeDemo2
DEMO-627,11533,Backlog,07/Jun/18 3:10 PM,07/Jun/18 3:10 PM,,jiraadmin,Descript,MikeDemo2
DEMO-626,11531,Backlog,07/Jun/18 3:10 PM,07/Jun/18 3:10 PM,,jiraadmin,Descript,MikeDemo2
DEMO-625,11530,Backlog,07/Jun/18 3:10 PM,07/Jun/18 3:10 PM,,jiraadmin,Descript,MikeDemo2
DEMO-624,11529,Backlog,07/Jun/18 3:10 PM,07/Jun/18 3:10 PM,,jiraadmin,Descript,MikeDemo2
DEMO-623,11528,Backlog,07/Jun/18 3:10 PM,07/Jun/18 3:10 PM,,jiraadmin,Descript,MikeDemo2
DEMO-622,11527,Backlog,07/Jun/18 3:10 PM,07/Jun/18 3:10 PM,,jiraadmin,Descript,MikeDemo2
DEMO-621,11526,Backlog,07/Jun/18 3:10 PM,07/Jun/18 3:10 PM,,jiraadmin,Descript,MikeDemo2
DEMO-620,11525,Backlog,07/Jun/18 3:10 PM,07/Jun/18 3:10 PM,,jiraadmin,Descript,MikeDemo2
DEMO-619,11524,Backlog,07/Jun/18 3:10 PM,07/Jun/18 3:10 PM,,jiraadmin,Descript,MikeDemo2
DEMO-618,11523,Backlog,07/Jun/18 3:10 PM,07/Jun/18 3:10 PM,,jiraadmin,Descript,MikeDemo2
DEMO-617,11522,Backlog,07/Jun/18 3:10 PM,07/Jun/18 3:10 PM,,jiraadmin,Descript,MikeDemo2
DEMO-616,11521,Backlog,07/Jun/18 3:10 PM,07/Jun/18 3:10 PM,,jiraadmin,Descript,MikeDemo2
DEMO-615,11520,Backlog,07/Jun/18 3:10 PM,07/Jun/18 3:10 PM,,jiraadmin,Descript,MikeDemo2
DEMO-614,11519,Backlog,07/Jun/18 3:10 PM,07/Jun/18 3:10 PM,,jiraadmin,Descript,MikeDemo2
DEMO-613,11518,Backlog,07/Jun/18 3:10 PM,07/Jun/18 3:10 PM,,jiraadmin,Descript,MikeDemo2
DEMO-612,11517,Backlog,07/Jun/18 3:10 PM,07/Jun/18 3:10 PM,,jiraadmin,Descript,MikeDemo2
DEMO-611,11516,Backlog,07/Jun/18 3:10 PM,07/Jun/18 3:10 PM,,jiraadmin,Descript,MikeDemo2
DEMO-610,11515,Backlog,07/Jun/18 3:10 PM,07/Jun/18 3:10 PM,,jiraadmin,Descript,MikeDemo2
DEMO-609,11514,Backlog,07/Jun/18 3:10 PM,07/Jun/18 3:10 PM,,jiraadmin,Descript,MikeDemo2
DEMO-608,11513,Backlog,07/Jun/18 3:10 PM,07/Jun/18 3:10 PM,,jiraadmin,Descript,MikeDemo2
DEMO-607,11512,Backlog,07/Jun/18 3:10 PM,07/Jun/18 3:10 PM,,jiraadmin,Descript,MikeDemo2
DEMO-606,11511,Backlog,07/Jun/18 3:10 PM,07/Jun/18 3:10 PM,,jiraadmin,Descript,MikeDemo2
DEMO-605,11510,Backlog,07/Jun/18 3:10 PM,07/Jun/18 3:10 PM,,jiraadmin,Descript,MikeDemo2
DEMO-604,11509,Backlog,07/Jun/18 3:10 PM,07/Jun/18 3:10 PM,,jiraadmin,Descript,MikeDemo2
DEMO-603,11508,Backlog,07/Jun/18 3:10 PM,07/Jun/18 3:10 PM,,jiraadmin,Descript,MikeDemo2
DEMO-602,11507,Backlog,07/Jun/18 3:10 PM,07/Jun/18 3:10 PM,,jiraadmin,Descript,MikeDemo2
DEMO-601,11506,Backlog,07/Jun/18 3:10 PM,07/Jun/18 3:10 PM,,jiraadmin,Descript,MikeDemo2
DEMO-600,11505,Backlog,07/Jun/18 3:10 PM,07/Jun/18 3:10 PM,,jiraadmin,Descript,MikeDemo2
DEMO-599,11504,Backlog,07/Jun/18 3:10 PM,07/Jun/18 3:10 PM,,jiraadmin,Descript,MikeDemo2
DEMO-598,11502,Backlog,07/Jun/18 3:10 PM,07/Jun/18 3:10 PM,,jiraadmin,Descript,MikeDemo2
DEMO-597,11503,Backlog,07/Jun/18 3:10 PM,07/Jun/18 3:10 PM,,jiraadmin,Descript,MikeDemo2
DEMO-596,11501,Backlog,07/Jun/18 3:10 PM,07/Jun/18 3:10 PM,,jiraadmin,Descript,MikeDemo2
DEMO-595,11500,Backlog,07/Jun/18 3:10 PM,07/Jun/18 3:10 PM,,jiraadmin,Descript,MikeDemo2
DEMO-594,11399,Backlog,07/Jun/18 3:10 PM,07/Jun/18 3:10 PM,,jiraadmin,Descript,MikeDemo2
DEMO-593,11398,Backlog,07/Jun/18 3:10 PM,07/Jun/18 3:10 PM,,jiraadmin,Descript,MikeDemo2
DEMO-592,11397,Backlog,07/Jun/18 3:10 PM,07/Jun/18 3:10 PM,,jiraadmin,Descript,MikeDemo2
DEMO-591,11396,Backlog,07/Jun/18 3:10 PM,07/Jun/18 3:10 PM,,jiraadmin,Descript,MikeDemo2
DEMO-590,11395,Backlog,07/Jun/18 3:10 PM,07/Jun/18 3:10 PM,,jiraadmin,Descript,MikeDemo2
DEMO-589,11394,Backlog,07/Jun/18 3:10 PM,07/Jun/18 3:10 PM,,jiraadmin,Descript,MikeDemo2
DEMO-588,11393,Backlog,07/Jun/18 3:10 PM,07/Jun/18 3:10 PM,,jiraadmin,Descript,MikeDemo2
DEMO-587,11392,Backlog,07/Jun/18 3:10 PM,07/Jun/18 3:10 PM,,jiraadmin,Descript,MikeDemo2
DEMO-586,11391,Backlog,07/Jun/18 3:09 PM,07/Jun/18 3:09 PM,,jiraadmin,Descript,MikeDemo2
DEMO-585,11387,Backlog,07/Jun/18 3:09 PM,07/Jun/18 3:09 PM,,jiraadmin,Descript,MikeDemo2
DEMO-584,11386,Backlog,07/Jun/18 3:09 PM,07/Jun/18 3:09 PM,,jiraadmin,Descript,MikeDemo2
DEMO-583,11385,Backlog,07/Jun/18 3:09 PM,07/Jun/18 3:09 PM,,jiraadmin,Descript,MikeDemo2
DEMO-582,11389,Backlog,07/Jun/18 3:09 PM,07/Jun/18 3:09 PM,,jiraadmin,Descript,MikeDemo2
DEMO-581,11384,Backlog,07/Jun/18 3:09 PM,07/Jun/18 3:09 PM,,jiraadmin,Descript,MikeDemo2
DEMO-580,11388,Backlog,07/Jun/18 3:09 PM,07/Jun/18 3:09 PM,,jiraadmin,Descript,MikeDemo2
DEMO-579,11390,Backlog,07/Jun/18 3:09 PM,07/Jun/18 3:09 PM,,jiraadmin,Descript,MikeDemo2
DEMO-578,11383,Backlog,07/Jun/18 3:09 PM,07/Jun/18 3:09 PM,,jiraadmin,Descript,MikeDemo2
DEMO-577,11382,Backlog,07/Jun/18 3:09 PM,07/Jun/18 3:09 PM,,jiraadmin,Descript,MikeDemo2
DEMO-576,11381,Backlog,07/Jun/18 3:09 PM,07/Jun/18 3:09 PM,,jiraadmin,Descript,MikeDemo2
DEMO-575,11380,Backlog,07/Jun/18 3:09 PM,07/Jun/18 3:09 PM,,jiraadmin,Descript,MikeDemo2
DEMO-574,11379,Backlog,07/Jun/18 3:09 PM,07/Jun/18 3:09 PM,,jiraadmin,Descript,MikeDemo2
DEMO-573,11378,Backlog,07/Jun/18 3:09 PM,07/Jun/18 3:09 PM,,jiraadmin,Descript,MikeDemo2
DEMO-572,11377,Backlog,07/Jun/18 3:09 PM,07/Jun/18 3:09 PM,,jiraadmin,Descript,MikeDemo2
DEMO-571,11376,Backlog,07/Jun/18 3:09 PM,07/Jun/18 3:09 PM,,jiraadmin,Descript,MikeDemo2
DEMO-570,11375,Backlog,07/Jun/18 3:09 PM,07/Jun/18 3:09 PM,,jiraadmin,Descript,MikeDemo2
DEMO-569,11374,Backlog,07/Jun/18 3:09 PM,07/Jun/18 3:09 PM,,jiraadmin,Descript,MikeDemo2
DEMO-568,11373,Backlog,07/Jun/18 3:09 PM,07/Jun/18 3:09 PM,,jiraadmin,Descript,MikeDemo2
DEMO-567,11372,Backlog,07/Jun/18 3:09 PM,07/Jun/18 3:09 PM,,jiraadmin,Descript,MikeDemo2
DEMO-566,11371,Backlog,07/Jun/18 3:09 PM,07/Jun/18 3:09 PM,,jiraadmin,Descript,MikeDemo2
DEMO-565,11370,Backlog,07/Jun/18 3:09 PM,07/Jun/18 3:09 PM,,jiraadmin,Descript,MikeDemo2
DEMO-564,11369,Backlog,07/Jun/18 3:09 PM,07/Jun/18 3:09 PM,,jiraadmin,Descript,MikeDemo2
DEMO-563,11368,Backlog,07/Jun/18 3:09 PM,07/Jun/18 3:09 PM,,jiraadmin,Descript,MikeDemo2
DEMO-562,11367,Backlog,07/Jun/18 3:09 PM,07/Jun/18 3:09 PM,,jiraadmin,Descript,MikeDemo2
DEMO-561,11366,Backlog,07/Jun/18 3:09 PM,07/Jun/18 3:09 PM,,jiraadmin,Descript,MikeDemo2
DEMO-560,11365,Backlog,07/Jun/18 3:09 PM,07/Jun/18 3:09 PM,,jiraadmin,Descript,MikeDemo2
DEMO-559,11364,Backlog,07/Jun/18 3:09 PM,07/Jun/18 3:09 PM,,jiraadmin,Descript,MikeDemo2
DEMO-558,11362,Backlog,07/Jun/18 3:09 PM,07/Jun/18 3:09 PM,,jiraadmin,Descript,MikeDemo2
DEMO-557,11363,Backlog,07/Jun/18 3:09 PM,07/Jun/18 3:09 PM,,jiraadmin,Descript,MikeDemo2
DEMO-556,11361,Backlog,07/Jun/18 3:09 PM,07/Jun/18 3:09 PM,,jiraadmin,Descript,MikeDemo2
DEMO-555,11360,Backlog,07/Jun/18 3:09 PM,07/Jun/18 3:09 PM,,jiraadmin,Descript,MikeDemo2
DEMO-554,11359,Backlog,07/Jun/18 3:09 PM,07/Jun/18 3:09 PM,,jiraadmin,Descript,MikeDemo2
DEMO-553,11358,Backlog,07/Jun/18 3:09 PM,07/Jun/18 3:09 PM,,jiraadmin,Descript,MikeDemo2
DEMO-552,11357,Backlog,07/Jun/18 3:09 PM,07/Jun/18 3:09 PM,,jiraadmin,Descript,MikeDemo2
DEMO-551,11356,Backlog,07/Jun/18 3:09 PM,07/Jun/18 3:09 PM,,jiraadmin,Descript,MikeDemo2
DEMO-550,11355,Backlog,07/Jun/18 3:09 PM,07/Jun/18 3:09 PM,,jiraadmin,Descript,MikeDemo2
DEMO-549,11354,Backlog,07/Jun/18 3:09 PM,07/Jun/18 3:09 PM,,jiraadmin,Descript,MikeDemo2
DEMO-548,11353,Backlog,07/Jun/18 3:09 PM,07/Jun/18 3:09 PM,,jiraadmin,Descript,MikeDemo2
DEMO-547,11352,Backlog,07/Jun/18 3:09 PM,07/Jun/18 3:09 PM,,jiraadmin,Descript,MikeDemo2
DEMO-546,11351,Backlog,07/Jun/18 3:09 PM,07/Jun/18 3:09 PM,,jiraadmin,Descript,MikeDemo2
DEMO-545,11350,Backlog,07/Jun/18 3:09 PM,07/Jun/18 3:09 PM,,jiraadmin,Descript,MikeDemo2
DEMO-544,11349,Backlog,07/Jun/18 3:09 PM,07/Jun/18 3:09 PM,,jiraadmin,Descript,MikeDemo2
DEMO-543,11347,Backlog,07/Jun/18 3:09 PM,07/Jun/18 3:09 PM,,jiraadmin,Descript,MikeDemo2
DEMO-542,11346,Backlog,07/Jun/18 3:09 PM,07/Jun/18 3:09 PM,,jiraadmin,Descript,MikeDemo2
DEMO-541,11348,Backlog,07/Jun/18 3:09 PM,07/Jun/18 3:09 PM,,jiraadmin,Descript,MikeDemo2
DEMO-540,11345,Backlog,07/Jun/18 3:09 PM,07/Jun/18 3:09 PM,,jiraadmin,Descript,MikeDemo2
DEMO-539,11344,Backlog,07/Jun/18 3:09 PM,07/Jun/18 3:09 PM,,jiraadmin,Descript,MikeDemo2
DEMO-538,11343,Backlog,07/Jun/18 3:09 PM,07/Jun/18 3:09 PM,,jiraadmin,Descript,MikeDemo2
DEMO-537,11342,Backlog,07/Jun/18 3:09 PM,07/Jun/18 3:09 PM,,jiraadmin,Descript,MikeDemo2
DEMO-536,11341,Backlog,07/Jun/18 3:09 PM,07/Jun/18 3:09 PM,,jiraadmin,Descript,MikeDemo2
DEMO-535,11340,Backlog,07/Jun/18 3:09 PM,07/Jun/18 3:09 PM,,jiraadmin,Descript,MikeDemo2
DEMO-534,11339,Backlog,07/Jun/18 3:09 PM,07/Jun/18 3:09 PM,,jiraadmin,Descript,MikeDemo2
DEMO-533,11338,Backlog,07/Jun/18 3:09 PM,07/Jun/18 3:09 PM,,jiraadmin,Descript,MikeDemo2
DEMO-532,11337,Backlog,07/Jun/18 3:09 PM,07/Jun/18 3:09 PM,,jiraadmin,Descript,MikeDemo2
DEMO-531,11336,Backlog,07/Jun/18 3:09 PM,07/Jun/18 3:09 PM,,jiraadmin,Descript,MikeDemo2
DEMO-530,11335,Backlog,07/Jun/18 3:09 PM,07/Jun/18 3:09 PM,,jiraadmin,Descript,MikeDemo2
DEMO-529,11334,Backlog,07/Jun/18 3:09 PM,07/Jun/18 3:09 PM,,jiraadmin,Descript,MikeDemo2
DEMO-528,11400,Backlog,07/Jun/18 3:09 PM,07/Jun/18 3:09 PM,,jiraadmin,,Test01
DEMO-527,11333,Backlog,07/Jun/18 3:09 PM,07/Jun/18 3:09 PM,,jiraadmin,Descript,MikeDemo2
DEMO-526,11332,Backlog,07/Jun/18 3:09 PM,07/Jun/18 3:09 PM,,jiraadmin,Descript,MikeDemo2
DEMO-525,11331,Backlog,07/Jun/18 3:09 PM,07/Jun/18 3:09 PM,,jiraadmin,Descript,MikeDemo2
DEMO-524,11330,Backlog,07/Jun/18 3:09 PM,07/Jun/18 3:09 PM,,jiraadmin,Descript,MikeDemo2
DEMO-523,11329,Backlog,07/Jun/18 3:09 PM,07/Jun/18 3:09 PM,,jiraadmin,Descript,MikeDemo2
DEMO-522,11328,Backlog,07/Jun/18 3:09 PM,07/Jun/18 3:09 PM,,jiraadmin,Descript,MikeDemo2
DEMO-521,11327,Backlog,07/Jun/18 3:09 PM,07/Jun/18 3:09 PM,,jiraadmin,Descript,MikeDemo2
DEMO-520,11326,Backlog,07/Jun/18 3:09 PM,07/Jun/18 3:09 PM,,jiraadmin,Descript,MikeDemo2
DEMO-519,11325,Backlog,07/Jun/18 3:09 PM,07/Jun/18 3:09 PM,,jiraadmin,Descript,MikeDemo2
DEMO-518,11324,Backlog,07/Jun/18 3:09 PM,07/Jun/18 3:09 PM,,jiraadmin,Descript,MikeDemo2
DEMO-517,11323,Backlog,07/Jun/18 3:09 PM,07/Jun/18 3:09 PM,,jiraadmin,Descript,MikeDemo2
DEMO-516,11321,Backlog,07/Jun/18 3:09 PM,07/Jun/18 3:09 PM,,jiraadmin,Descript,MikeDemo2
DEMO-515,11322,Backlog,07/Jun/18 3:09 PM,07/Jun/18 3:09 PM,,jiraadmin,Descript,MikeDemo2
DEMO-514,11320,Backlog,07/Jun/18 3:09 PM,07/Jun/18 3:09 PM,,jiraadmin,Descript,MikeDemo2
DEMO-513,11318,Backlog,07/Jun/18 3:09 PM,07/Jun/18 3:09 PM,,jiraadmin,Descript,MikeDemo2
DEMO-512,11319,Backlog,07/Jun/18 3:09 PM,07/Jun/18 3:09 PM,,jiraadmin,Descript,MikeDemo2
DEMO-511,11317,Backlog,07/Jun/18 3:09 PM,07/Jun/18 3:09 PM,,jiraadmin,Descript,MikeDemo2
DEMO-510,11316,Backlog,07/Jun/18 3:09 PM,07/Jun/18 3:09 PM,,jiraadmin,Descript,MikeDemo2
DEMO-509,11315,Backlog,07/Jun/18 3:09 PM,07/Jun/18 3:09 PM,,jiraadmin,Descript,MikeDemo2
DEMO-508,11314,Backlog,07/Jun/18 3:09 PM,07/Jun/18 3:09 PM,,jiraadmin,Descript,MikeDemo2
DEMO-507,11313,Backlog,07/Jun/18 3:09 PM,07/Jun/18 3:09 PM,,jiraadmin,Descript,MikeDemo2
DEMO-506,11312,Backlog,07/Jun/18 3:09 PM,07/Jun/18 3:09 PM,,jiraadmin,Descript,MikeDemo2
DEMO-505,11311,Backlog,07/Jun/18 3:09 PM,07/Jun/18 3:09 PM,,jiraadmin,Descript,MikeDemo2
DEMO-504,11310,Backlog,07/Jun/18 3:09 PM,07/Jun/18 3:09 PM,,jiraadmin,Descript,MikeDemo2
DEMO-503,11309,Backlog,07/Jun/18 3:09 PM,07/Jun/18 3:09 PM,,jiraadmin,Descript,MikeDemo2
DEMO-502,11308,Backlog,07/Jun/18 3:09 PM,07/Jun/18 3:09 PM,,jiraadmin,Descript,MikeDemo2
DEMO-501,11306,Backlog,07/Jun/18 3:09 PM,07/Jun/18 3:09 PM,,jiraadmin,Descript,MikeDemo2
DEMO-500,11305,Backlog,07/Jun/18 3:09 PM,07/Jun/18 3:09 PM,,jiraadmin,Descript,MikeDemo2
DEMO-499,11307,Backlog,07/Jun/18 3:09 PM,07/Jun/18 3:09 PM,,jiraadmin,Descript,MikeDemo2
DEMO-498,11304,Backlog,07/Jun/18 3:09 PM,07/Jun/18 3:09 PM,,jiraadmin,Descript,MikeDemo2
DEMO-497,11303,Backlog,07/Jun/18 3:09 PM,07/Jun/18 3:09 PM,,jiraadmin,Descript,MikeDemo2
DEMO-496,11301,Backlog,07/Jun/18 3:09 PM,07/Jun/18 3:09 PM,,jiraadmin,Descript,MikeDemo2
DEMO-495,11302,Backlog,07/Jun/18 3:09 PM,07/Jun/18 3:09 PM,,jiraadmin,Descript,MikeDemo2
DEMO-494,11300,Backlog,07/Jun/18 3:09 PM,07/Jun/18 3:09 PM,,jiraadmin,Descript,MikeDemo2
DEMO-493,11299,Backlog,07/Jun/18 3:09 PM,07/Jun/18 3:09 PM,,jiraadmin,Descript,MikeDemo2
DEMO-492,11298,Backlog,07/Jun/18 3:09 PM,07/Jun/18 3:09 PM,,jiraadmin,Descript,MikeDemo2
DEMO-491,11297,Backlog,07/Jun/18 3:09 PM,07/Jun/18 3:09 PM,,jiraadmin,Descript,MikeDemo2
DEMO-490,11296,Backlog,07/Jun/18 3:09 PM,07/Jun/18 3:09 PM,,jiraadmin,Descript,MikeDemo2
DEMO-489,11295,Backlog,07/Jun/18 3:09 PM,07/Jun/18 3:09 PM,,jiraadmin,Descript,MikeDemo2
DEMO-488,11294,Backlog,07/Jun/18 3:09 PM,07/Jun/18 3:09 PM,,jiraadmin,Descript,MikeDemo2
DEMO-487,11293,Backlog,07/Jun/18 3:09 PM,07/Jun/18 3:09 PM,,jiraadmin,Descript,MikeDemo2
DEMO-486,11292,Backlog,07/Jun/18 3:09 PM,07/Jun/18 3:09 PM,,jiraadmin,Descript,MikeDemo2
DEMO-485,11290,Backlog,07/Jun/18 3:09 PM,07/Jun/18 3:09 PM,,jiraadmin,Descript,MikeDemo2
DEMO-484,11291,Backlog,07/Jun/18 3:09 PM,07/Jun/18 3:09 PM,,jiraadmin,Descript,MikeDemo2
DEMO-483,11289,Backlog,07/Jun/18 3:09 PM,07/Jun/18 3:09 PM,,jiraadmin,Descript,MikeDemo2
DEMO-482,11288,Backlog,07/Jun/18 3:09 PM,07/Jun/18 3:09 PM,,jiraadmin,Descript,MikeDemo2
DEMO-481,11287,Backlog,07/Jun/18 3:09 PM,07/Jun/18 3:09 PM,,jiraadmin,Descript,MikeDemo2
DEMO-480,11286,Backlog,07/Jun/18 3:09 PM,07/Jun/18 3:09 PM,,jiraadmin,Descript,MikeDemo2
DEMO-479,11285,Backlog,07/Jun/18 3:08 PM,07/Jun/18 3:08 PM,,jiraadmin,Descript,MikeDemo2
DEMO-478,11284,Backlog,07/Jun/18 3:08 PM,07/Jun/18 3:08 PM,,jiraadmin,Descript,MikeDemo2
DEMO-477,11283,Backlog,07/Jun/18 3:08 PM,07/Jun/18 3:08 PM,,jiraadmin,Descript,MikeDemo2
DEMO-476,11282,Backlog,07/Jun/18 3:08 PM,07/Jun/18 3:08 PM,,jiraadmin,Descript,MikeDemo2
DEMO-475,11281,Backlog,07/Jun/18 3:08 PM,07/Jun/18 3:08 PM,,jiraadmin,Descript,MikeDemo2
DEMO-474,11280,Backlog,07/Jun/18 3:08 PM,07/Jun/18 3:08 PM,,jiraadmin,Descript,MikeDemo2
DEMO-473,11279,Backlog,07/Jun/18 3:08 PM,07/Jun/18 3:08 PM,,jiraadmin,Descript,MikeDemo2
DEMO-472,11278,Backlog,07/Jun/18 3:08 PM,07/Jun/18 3:08 PM,,jiraadmin,Descript,MikeDemo2
DEMO-471,11277,Backlog,07/Jun/18 3:08 PM,07/Jun/18 3:08 PM,,jiraadmin,Descript,MikeDemo2
DEMO-470,11276,Backlog,07/Jun/18 3:08 PM,07/Jun/18 3:08 PM,,jiraadmin,Descript,MikeDemo2
DEMO-469,11275,Backlog,07/Jun/18 3:08 PM,07/Jun/18 3:08 PM,,jiraadmin,Descript,MikeDemo2
DEMO-468,11274,Backlog,07/Jun/18 3:08 PM,07/Jun/18 3:08 PM,,jiraadmin,Descript,MikeDemo2
DEMO-467,11273,Backlog,07/Jun/18 3:08 PM,07/Jun/18 3:08 PM,,jiraadmin,Descript,MikeDemo2
DEMO-466,11272,Backlog,07/Jun/18 3:08 PM,07/Jun/18 3:08 PM,,jiraadmin,Descript,MikeDemo2
DEMO-465,11271,Backlog,07/Jun/18 3:08 PM,07/Jun/18 3:08 PM,,jiraadmin,Descript,MikeDemo2
DEMO-464,11270,Backlog,07/Jun/18 3:08 PM,07/Jun/18 3:08 PM,,jiraadmin,Descript,MikeDemo2
DEMO-463,11269,Backlog,07/Jun/18 3:08 PM,07/Jun/18 3:08 PM,,jiraadmin,Descript,MikeDemo2
DEMO-462,11267,Backlog,07/Jun/18 3:08 PM,07/Jun/18 3:08 PM,,jiraadmin,Descript,MikeDemo2
DEMO-461,11268,Backlog,07/Jun/18 3:08 PM,07/Jun/18 3:08 PM,,jiraadmin,Descript,MikeDemo2
DEMO-460,11265,Backlog,07/Jun/18 3:08 PM,07/Jun/18 3:08 PM,,jiraadmin,Descript,MikeDemo2
DEMO-459,11264,Backlog,07/Jun/18 3:08 PM,07/Jun/18 3:08 PM,,jiraadmin,Descript,MikeDemo2
DEMO-458,11266,Backlog,07/Jun/18 3:08 PM,07/Jun/18 3:08 PM,,jiraadmin,Descript,MikeDemo2
DEMO-457,11263,Backlog,07/Jun/18 3:08 PM,07/Jun/18 3:08 PM,,jiraadmin,Descript,MikeDemo2
DEMO-456,11262,Backlog,07/Jun/18 3:08 PM,07/Jun/18 3:08 PM,,jiraadmin,Descript,MikeDemo2
DEMO-455,11261,Backlog,07/Jun/18 3:08 PM,07/Jun/18 3:08 PM,,jiraadmin,Descript,MikeDemo2
DEMO-454,11260,Backlog,07/Jun/18 3:08 PM,07/Jun/18 3:08 PM,,jiraadmin,Descript,MikeDemo2
DEMO-453,11259,Backlog,07/Jun/18 3:08 PM,07/Jun/18 3:08 PM,,jiraadmin,Descript,MikeDemo2
DEMO-452,11258,Backlog,07/Jun/18 3:08 PM,07/Jun/18 3:08 PM,,jiraadmin,Descript,MikeDemo2
DEMO-451,11256,Backlog,07/Jun/18 3:08 PM,07/Jun/18 3:08 PM,,jiraadmin,Descript,MikeDemo2
DEMO-450,11257,Backlog,07/Jun/18 3:08 PM,07/Jun/18 3:08 PM,,jiraadmin,Descript,MikeDemo2
DEMO-449,11255,Backlog,07/Jun/18 3:08 PM,07/Jun/18 3:08 PM,,jiraadmin,Descript,MikeDemo2
DEMO-448,11254,Backlog,07/Jun/18 3:08 PM,07/Jun/18 3:08 PM,,jiraadmin,Descript,MikeDemo2
DEMO-447,11253,Backlog,07/Jun/18 3:08 PM,07/Jun/18 3:08 PM,,jiraadmin,Descript,MikeDemo2
DEMO-446,11252,Backlog,07/Jun/18 3:08 PM,07/Jun/18 3:08 PM,,jiraadmin,Descript,MikeDemo2
DEMO-445,11251,Backlog,07/Jun/18 3:08 PM,07/Jun/18 3:08 PM,,jiraadmin,Descript,MikeDemo2
DEMO-444,11250,Backlog,07/Jun/18 3:08 PM,07/Jun/18 3:08 PM,,jiraadmin,Descript,MikeDemo2
DEMO-443,11249,Backlog,07/Jun/18 3:08 PM,07/Jun/18 3:08 PM,,jiraadmin,Descript,MikeDemo2
DEMO-442,11248,Backlog,07/Jun/18 3:08 PM,07/Jun/18 3:08 PM,,jiraadmin,Descript,MikeDemo2
DEMO-441,11247,Backlog,07/Jun/18 3:08 PM,07/Jun/18 3:08 PM,,jiraadmin,Descript,MikeDemo2
DEMO-440,11246,Backlog,07/Jun/18 3:08 PM,07/Jun/18 3:08 PM,,jiraadmin,Descript,MikeDemo2
DEMO-439,11245,Backlog,07/Jun/18 3:08 PM,07/Jun/18 3:08 PM,,jiraadmin,Descript,MikeDemo2
DEMO-438,11243,Backlog,07/Jun/18 3:08 PM,07/Jun/18 3:08 PM,,jiraadmin,Descript,MikeDemo2
DEMO-437,11244,Backlog,07/Jun/18 3:08 PM,07/Jun/18 3:08 PM,,jiraadmin,Descript,MikeDemo2
DEMO-436,11242,Backlog,07/Jun/18 3:08 PM,07/Jun/18 3:08 PM,,jiraadmin,Descript,MikeDemo2
DEMO-435,11241,Backlog,07/Jun/18 3:08 PM,07/Jun/18 3:08 PM,,jiraadmin,Descript,MikeDemo2
DEMO-434,11239,Backlog,07/Jun/18 3:08 PM,07/Jun/18 3:08 PM,,jiraadmin,Descript,MikeDemo2
DEMO-433,11240,Backlog,07/Jun/18 3:08 PM,07/Jun/18 3:08 PM,,jiraadmin,Descript,MikeDemo2
DEMO-432,11238,Backlog,07/Jun/18 3:08 PM,07/Jun/18 3:08 PM,,jiraadmin,Descript,MikeDemo2
DEMO-431,11237,Backlog,07/Jun/18 3:08 PM,07/Jun/18 3:08 PM,,jiraadmin,Descript,MikeDemo2
DEMO-430,11236,Backlog,07/Jun/18 3:08 PM,07/Jun/18 3:08 PM,,jiraadmin,Descript,MikeDemo2
DEMO-429,11235,Backlog,07/Jun/18 3:08 PM,07/Jun/18 3:08 PM,,jiraadmin,Descript,MikeDemo2
DEMO-428,11234,Backlog,07/Jun/18 3:08 PM,07/Jun/18 3:08 PM,,jiraadmin,Descript,MikeDemo2
DEMO-427,11232,Backlog,07/Jun/18 3:08 PM,07/Jun/18 3:08 PM,,jiraadmin,Descript,MikeDemo2
DEMO-426,11233,Backlog,07/Jun/18 3:08 PM,07/Jun/18 3:08 PM,,jiraadmin,Descript,MikeDemo2
DEMO-425,11231,Backlog,07/Jun/18 3:08 PM,07/Jun/18 3:08 PM,,jiraadmin,Descript,MikeDemo2
DEMO-424,11230,Backlog,07/Jun/18 3:08 PM,07/Jun/18 3:08 PM,,jiraadmin,Descript,MikeDemo2
DEMO-423,11229,Backlog,07/Jun/18 3:08 PM,07/Jun/18 3:08 PM,,jiraadmin,Descript,MikeDemo2
DEMO-422,11228,Backlog,07/Jun/18 3:08 PM,07/Jun/18 3:08 PM,,jiraadmin,Descript,MikeDemo2
DEMO-421,11227,Backlog,07/Jun/18 3:08 PM,07/Jun/18 3:08 PM,,jiraadmin,Descript,MikeDemo2
DEMO-420,11225,Backlog,07/Jun/18 3:08 PM,07/Jun/18 3:08 PM,,jiraadmin,Descript,MikeDemo2
DEMO-419,11226,Backlog,07/Jun/18 3:08 PM,07/Jun/18 3:08 PM,,jiraadmin,Descript,MikeDemo2
DEMO-418,11224,Backlog,07/Jun/18 3:08 PM,07/Jun/18 3:08 PM,,jiraadmin,Descript,MikeDemo2
DEMO-417,11223,Backlog,07/Jun/18 3:08 PM,07/Jun/18 3:08 PM,,jiraadmin,Descript,MikeDemo2
DEMO-416,11222,Backlog,07/Jun/18 3:08 PM,07/Jun/18 3:08 PM,,jiraadmin,Descript,MikeDemo2
DEMO-415,11221,Backlog,07/Jun/18 3:08 PM,07/Jun/18 3:08 PM,,jiraadmin,Descript,MikeDemo2
DEMO-414,11220,Backlog,07/Jun/18 3:08 PM,07/Jun/18 3:08 PM,,jiraadmin,Descript,MikeDemo2
DEMO-413,11219,Backlog,07/Jun/18 3:08 PM,07/Jun/18 3:08 PM,,jiraadmin,Descript,MikeDemo2
DEMO-412,11218,Backlog,07/Jun/18 3:08 PM,07/Jun/18 3:08 PM,,jiraadmin,Descript,MikeDemo2
DEMO-411,11217,Backlog,07/Jun/18 3:08 PM,07/Jun/18 3:08 PM,,jiraadmin,Descript,MikeDemo2
DEMO-410,11216,Backlog,07/Jun/18 3:08 PM,07/Jun/18 3:08 PM,,jiraadmin,Descript,MikeDemo2
DEMO-409,11215,Backlog,07/Jun/18 3:08 PM,07/Jun/18 3:08 PM,,jiraadmin,Descript,MikeDemo2
DEMO-408,11214,Backlog,07/Jun/18 3:08 PM,07/Jun/18 3:08 PM,,jiraadmin,Descript,MikeDemo2
DEMO-407,11213,Backlog,07/Jun/18 3:08 PM,07/Jun/18 3:08 PM,,jiraadmin,Descript,MikeDemo2
DEMO-406,11212,Backlog,07/Jun/18 3:08 PM,07/Jun/18 3:08 PM,,jiraadmin,Descript,MikeDemo2
DEMO-405,11211,Backlog,07/Jun/18 3:08 PM,07/Jun/18 3:08 PM,,jiraadmin,Descript,MikeDemo2
DEMO-404,11210,Backlog,07/Jun/18 3:08 PM,07/Jun/18 3:08 PM,,jiraadmin,Descript,MikeDemo2
DEMO-403,11208,Backlog,07/Jun/18 3:08 PM,07/Jun/18 3:08 PM,,jiraadmin,Descript,MikeDemo2
DEMO-402,11207,Backlog,07/Jun/18 3:08 PM,07/Jun/18 3:08 PM,,jiraadmin,Descript,MikeDemo2
DEMO-401,11209,Backlog,07/Jun/18 3:08 PM,07/Jun/18 3:08 PM,,jiraadmin,Descript,MikeDemo2
DEMO-400,11206,Backlog,07/Jun/18 3:08 PM,07/Jun/18 3:08 PM,,jiraadmin,Descript,MikeDemo2
DEMO-399,11205,Backlog,07/Jun/18 3:08 PM,07/Jun/18 3:08 PM,,jiraadmin,Descript,MikeDemo2
DEMO-398,11204,Backlog,07/Jun/18 3:08 PM,07/Jun/18 3:08 PM,,jiraadmin,Descript,MikeDemo2
DEMO-397,11203,Backlog,07/Jun/18 3:08 PM,07/Jun/18 3:08 PM,,jiraadmin,Descript,MikeDemo2
DEMO-396,11202,Backlog,07/Jun/18 3:08 PM,07/Jun/18 3:08 PM,,jiraadmin,Descript,MikeDemo2
DEMO-395,11201,Backlog,07/Jun/18 3:08 PM,07/Jun/18 3:08 PM,,jiraadmin,Descript,MikeDemo2
DEMO-394,11200,Backlog,07/Jun/18 3:08 PM,07/Jun/18 3:08 PM,,jiraadmin,Descript,MikeDemo2
DEMO-393,10899,Backlog,07/Jun/18 3:08 PM,07/Jun/18 3:08 PM,,jiraadmin,Descript,MikeDemo2
DEMO-392,10898,Backlog,07/Jun/18 3:08 PM,07/Jun/18 3:08 PM,,jiraadmin,Descript,MikeDemo2
DEMO-391,10896,Backlog,07/Jun/18 3:08 PM,07/Jun/18 3:08 PM,,jiraadmin,Descript,MikeDemo2
DEMO-390,10897,Backlog,07/Jun/18 3:08 PM,07/Jun/18 3:08 PM,,jiraadmin,Descript,MikeDemo2
DEMO-389,10895,Backlog,07/Jun/18 3:08 PM,07/Jun/18 3:08 PM,,jiraadmin,Descript,MikeDemo2
DEMO-388,10894,Backlog,07/Jun/18 3:08 PM,07/Jun/18 3:08 PM,,jiraadmin,Descript,MikeDemo2
DEMO-387,10893,Backlog,07/Jun/18 3:08 PM,07/Jun/18 3:08 PM,,jiraadmin,Descript,MikeDemo2
DEMO-386,10892,Backlog,07/Jun/18 3:08 PM,07/Jun/18 3:08 PM,,jiraadmin,Descript,MikeDemo2
DEMO-385,10891,Backlog,07/Jun/18 3:08 PM,07/Jun/18 3:08 PM,,jiraadmin,Descript,MikeDemo2
DEMO-384,10890,Backlog,07/Jun/18 3:08 PM,07/Jun/18 3:08 PM,,jiraadmin,Descript,MikeDemo2
DEMO-383,10889,Backlog,07/Jun/18 3:08 PM,07/Jun/18 3:08 PM,,jiraadmin,Descript,MikeDemo2
DEMO-382,10888,Backlog,07/Jun/18 3:08 PM,07/Jun/18 3:08 PM,,jiraadmin,Descript,MikeDemo2
DEMO-381,10885,Backlog,07/Jun/18 3:08 PM,07/Jun/18 3:08 PM,,jiraadmin,Descript,MikeDemo2
DEMO-380,10884,Backlog,07/Jun/18 3:08 PM,07/Jun/18 3:08 PM,,jiraadmin,Descript,MikeDemo2
DEMO-379,10887,Backlog,07/Jun/18 3:08 PM,07/Jun/18 3:08 PM,,jiraadmin,Descript,MikeDemo2
DEMO-378,10886,Backlog,07/Jun/18 3:08 PM,07/Jun/18 3:08 PM,,jiraadmin,Descript,MikeDemo2
DEMO-377,10883,Backlog,07/Jun/18 3:08 PM,07/Jun/18 3:08 PM,,jiraadmin,Descript,MikeDemo2
DEMO-376,10882,Backlog,07/Jun/18 3:08 PM,07/Jun/18 3:08 PM,,jiraadmin,Descript,MikeDemo2
DEMO-375,10881,Backlog,07/Jun/18 3:08 PM,07/Jun/18 3:08 PM,,jiraadmin,Descript,MikeDemo2
DEMO-374,10880,Backlog,07/Jun/18 3:08 PM,07/Jun/18 3:08 PM,,jiraadmin,Descript,MikeDemo2
DEMO-373,10879,Backlog,07/Jun/18 3:08 PM,07/Jun/18 3:08 PM,,jiraadmin,Descript,MikeDemo2
DEMO-372,10878,Backlog,07/Jun/18 3:08 PM,07/Jun/18 3:08 PM,,jiraadmin,Descript,MikeDemo2
DEMO-371,10877,Backlog,07/Jun/18 3:08 PM,07/Jun/18 3:08 PM,,jiraadmin,Descript,MikeDemo2
DEMO-370,10876,Backlog,07/Jun/18 3:08 PM,07/Jun/18 3:08 PM,,jiraadmin,Descript,MikeDemo2
DEMO-369,10875,Backlog,07/Jun/18 3:08 PM,07/Jun/18 3:08 PM,,jiraadmin,Descript,MikeDemo2
DEMO-368,10874,Backlog,07/Jun/18 3:08 PM,07/Jun/18 3:08 PM,,jiraadmin,Descript,MikeDemo2
DEMO-367,10873,Backlog,07/Jun/18 3:08 PM,07/Jun/18 3:08 PM,,jiraadmin,Descript,MikeDemo2
DEMO-366,10872,Backlog,07/Jun/18 3:08 PM,07/Jun/18 3:08 PM,,jiraadmin,Descript,MikeDemo2
DEMO-365,10871,Backlog,07/Jun/18 3:08 PM,07/Jun/18 3:08 PM,,jiraadmin,Descript,MikeDemo2
DEMO-364,10870,Backlog,07/Jun/18 3:08 PM,07/Jun/18 3:08 PM,,jiraadmin,Descript,MikeDemo2
DEMO-363,10869,Backlog,07/Jun/18 3:08 PM,07/Jun/18 3:08 PM,,jiraadmin,Descript,MikeDemo2
DEMO-362,10868,Backlog,07/Jun/18 3:08 PM,07/Jun/18 3:08 PM,,jiraadmin,Descript,MikeDemo2
DEMO-361,10867,Backlog,07/Jun/18 3:07 PM,07/Jun/18 3:07 PM,,jiraadmin,Descript,MikeDemo2
DEMO-360,10866,Backlog,07/Jun/18 3:07 PM,07/Jun/18 3:07 PM,,jiraadmin,Descript,MikeDemo2
DEMO-359,10865,Backlog,07/Jun/18 3:07 PM,07/Jun/18 3:07 PM,,jiraadmin,Descript,MikeDemo2
DEMO-358,10863,Backlog,07/Jun/18 3:07 PM,07/Jun/18 3:07 PM,,jiraadmin,Descript,MikeDemo2
DEMO-357,10864,Backlog,07/Jun/18 3:07 PM,07/Jun/18 3:07 PM,,jiraadmin,Descript,MikeDemo2
DEMO-356,10862,Backlog,07/Jun/18 3:07 PM,07/Jun/18 3:07 PM,,jiraadmin,Descript,MikeDemo2
DEMO-355,10861,Backlog,07/Jun/18 3:07 PM,07/Jun/18 3:07 PM,,jiraadmin,Descript,MikeDemo2
DEMO-354,10860,Backlog,07/Jun/18 3:07 PM,07/Jun/18 3:07 PM,,jiraadmin,Descript,MikeDemo2
DEMO-353,10859,Backlog,07/Jun/18 3:07 PM,07/Jun/18 3:07 PM,,jiraadmin,Descript,MikeDemo2
DEMO-352,10858,Backlog,07/Jun/18 3:07 PM,07/Jun/18 3:07 PM,,jiraadmin,Descript,MikeDemo2
DEMO-351,10857,Backlog,07/Jun/18 3:07 PM,07/Jun/18 3:07 PM,,jiraadmin,Descript,MikeDemo2
DEMO-350,10855,Backlog,07/Jun/18 3:07 PM,07/Jun/18 3:07 PM,,jiraadmin,Descript,MikeDemo2
DEMO-349,10856,Backlog,07/Jun/18 3:07 PM,07/Jun/18 3:07 PM,,jiraadmin,Descript,MikeDemo2
DEMO-348,10854,Backlog,07/Jun/18 3:07 PM,07/Jun/18 3:07 PM,,jiraadmin,Descript,MikeDemo2
DEMO-347,10853,Backlog,07/Jun/18 3:07 PM,07/Jun/18 3:07 PM,,jiraadmin,Descript,MikeDemo2
DEMO-346,10852,Backlog,07/Jun/18 3:07 PM,07/Jun/18 3:07 PM,,jiraadmin,Descript,MikeDemo2
DEMO-345,10851,Backlog,07/Jun/18 3:07 PM,07/Jun/18 3:07 PM,,jiraadmin,Descript,MikeDemo2
DEMO-344,10850,Backlog,07/Jun/18 3:07 PM,07/Jun/18 3:07 PM,,jiraadmin,Descript,MikeDemo2
DEMO-343,10849,Backlog,07/Jun/18 3:07 PM,07/Jun/18 3:07 PM,,jiraadmin,Descript,MikeDemo2
DEMO-342,10848,Backlog,07/Jun/18 3:07 PM,07/Jun/18 3:07 PM,,jiraadmin,Descript,MikeDemo2
DEMO-341,10847,Backlog,07/Jun/18 3:07 PM,07/Jun/18 3:07 PM,,jiraadmin,Descript,MikeDemo2
DEMO-340,10846,Backlog,07/Jun/18 3:07 PM,07/Jun/18 3:07 PM,,jiraadmin,Descript,MikeDemo2
DEMO-339,10845,Backlog,07/Jun/18 3:07 PM,07/Jun/18 3:07 PM,,jiraadmin,Descript,MikeDemo2
DEMO-338,10844,Backlog,07/Jun/18 3:07 PM,07/Jun/18 3:07 PM,,jiraadmin,Descript,MikeDemo2
DEMO-337,10843,Backlog,07/Jun/18 3:07 PM,07/Jun/18 3:07 PM,,jiraadmin,Descript,MikeDemo2
DEMO-336,10842,Backlog,07/Jun/18 3:07 PM,07/Jun/18 3:07 PM,,jiraadmin,Descript,MikeDemo2
DEMO-335,10840,Backlog,07/Jun/18 3:07 PM,07/Jun/18 3:07 PM,,jiraadmin,Descript,MikeDemo2
DEMO-334,10841,Backlog,07/Jun/18 3:07 PM,07/Jun/18 3:07 PM,,jiraadmin,Descript,MikeDemo2
DEMO-333,10839,Backlog,07/Jun/18 3:07 PM,07/Jun/18 3:07 PM,,jiraadmin,Descript,MikeDemo2
DEMO-332,10838,Backlog,07/Jun/18 3:07 PM,07/Jun/18 3:07 PM,,jiraadmin,Descript,MikeDemo2
DEMO-331,10837,Backlog,07/Jun/18 3:07 PM,07/Jun/18 3:07 PM,,jiraadmin,Descript,MikeDemo2
DEMO-330,10836,Backlog,07/Jun/18 3:07 PM,07/Jun/18 3:07 PM,,jiraadmin,Descript,MikeDemo2
DEMO-329,10835,Backlog,07/Jun/18 3:07 PM,07/Jun/18 3:07 PM,,jiraadmin,Descript,MikeDemo2
DEMO-328,10834,Backlog,07/Jun/18 3:07 PM,07/Jun/18 3:07 PM,,jiraadmin,Descript,MikeDemo2
DEMO-327,10833,Backlog,07/Jun/18 3:07 PM,07/Jun/18 3:07 PM,,jiraadmin,Descript,MikeDemo2
DEMO-326,10832,Backlog,07/Jun/18 3:07 PM,07/Jun/18 3:07 PM,,jiraadmin,Descript,MikeDemo2
DEMO-325,10831,Backlog,07/Jun/18 3:07 PM,07/Jun/18 3:07 PM,,jiraadmin,Descript,MikeDemo2
DEMO-324,10830,Backlog,07/Jun/18 3:07 PM,07/Jun/18 3:07 PM,,jiraadmin,Descript,MikeDemo2
DEMO-323,10829,Backlog,07/Jun/18 3:07 PM,07/Jun/18 3:07 PM,,jiraadmin,Descript,MikeDemo2
DEMO-322,10828,Backlog,07/Jun/18 3:07 PM,07/Jun/18 3:07 PM,,jiraadmin,Descript,MikeDemo2
DEMO-321,10827,Backlog,07/Jun/18 3:07 PM,07/Jun/18 3:07 PM,,jiraadmin,Descript,MikeDemo2
DEMO-320,10826,Backlog,07/Jun/18 3:07 PM,07/Jun/18 3:07 PM,,jiraadmin,Descript,MikeDemo2
DEMO-319,10825,Backlog,07/Jun/18 3:07 PM,07/Jun/18 3:07 PM,,jiraadmin,Descript,MikeDemo2
DEMO-318,10824,Backlog,07/Jun/18 3:07 PM,07/Jun/18 3:07 PM,,jiraadmin,Descript,MikeDemo2
DEMO-317,10823,Backlog,07/Jun/18 3:07 PM,07/Jun/18 3:07 PM,,jiraadmin,Descript,MikeDemo2
DEMO-316,10822,Backlog,07/Jun/18 3:07 PM,07/Jun/18 3:07 PM,,jiraadmin,Descript,MikeDemo2
DEMO-315,10821,Backlog,07/Jun/18 3:07 PM,07/Jun/18 3:07 PM,,jiraadmin,Descript,MikeDemo2
DEMO-314,10820,Backlog,07/Jun/18 3:07 PM,07/Jun/18 3:07 PM,,jiraadmin,Descript,MikeDemo2
DEMO-313,10819,Backlog,07/Jun/18 3:07 PM,07/Jun/18 3:07 PM,,jiraadmin,Descript,MikeDemo2
DEMO-312,10818,Backlog,07/Jun/18 3:07 PM,07/Jun/18 3:07 PM,,jiraadmin,Descript,MikeDemo2
DEMO-311,10817,Backlog,07/Jun/18 3:07 PM,07/Jun/18 3:07 PM,,jiraadmin,Descript,MikeDemo2
DEMO-310,10816,Backlog,07/Jun/18 3:07 PM,07/Jun/18 3:07 PM,,jiraadmin,Descript,MikeDemo2
DEMO-309,10815,Backlog,07/Jun/18 3:07 PM,07/Jun/18 3:07 PM,,jiraadmin,Descript,MikeDemo2
DEMO-308,10814,Backlog,07/Jun/18 3:07 PM,07/Jun/18 3:07 PM,,jiraadmin,Descript,MikeDemo2
DEMO-307,10813,Backlog,07/Jun/18 3:07 PM,07/Jun/18 3:07 PM,,jiraadmin,Descript,MikeDemo2
DEMO-306,10812,Backlog,07/Jun/18 3:07 PM,07/Jun/18 3:07 PM,,jiraadmin,Descript,MikeDemo2
DEMO-305,10810,Backlog,07/Jun/18 3:07 PM,07/Jun/18 3:07 PM,,jiraadmin,Descript,MikeDemo2
DEMO-304,10811,Backlog,07/Jun/18 3:07 PM,07/Jun/18 3:07 PM,,jiraadmin,Descript,MikeDemo2
DEMO-303,10809,Backlog,07/Jun/18 3:07 PM,07/Jun/18 3:07 PM,,jiraadmin,Descript,MikeDemo2
DEMO-302,10808,Backlog,07/Jun/18 2:59 PM,07/Jun/18 2:59 PM,,jiraadmin,,Test
DEMO-301,11103,Backlog,07/Jun/18 2:58 PM,07/Jun/18 2:58 PM,,jiraadmin,,asdas
DEMO-300,10807,Backlog,07/Jun/18 2:57 PM,07/Jun/18 2:57 PM,,jiraadmin,Descript,MikeDemo2
DEMO-299,10806,Backlog,07/Jun/18 2:53 PM,07/Jun/18 2:53 PM,,jiraadmin,,Test
DEMO-298,10805,Backlog,07/Jun/18 2:52 PM,07/Jun/18 2:52 PM,,jiraadmin,,Test
DEMO-297,11001,Backlog,07/Jun/18 2:50 PM,07/Jun/18 2:50 PM,,jiraadmin,,szabi teszt
DEMO-296,11102,Backlog,07/Jun/18 2:47 PM,07/Jun/18 2:47 PM,,jiraadmin,,asdas
DEMO-295,11101,Backlog,07/Jun/18 2:45 PM,07/Jun/18 2:45 PM,,jiraadmin,,test
DEMO-294,10804,Backlog,07/Jun/18 2:44 PM,07/Jun/18 2:44 PM,,jiraadmin,,Test4
DEMO-293,10803,Backlog,07/Jun/18 2:43 PM,07/Jun/18 2:43 PM,,jiraadmin,,Test3
DEMO-292,10802,Backlog,07/Jun/18 2:42 PM,07/Jun/18 3:14 PM,,jiraadmin,Descript,MikeDemo2
DEMO-291,10801,Backlog,07/Jun/18 2:40 PM,07/Jun/18 2:40 PM,,jiraadmin,,Test2
DEMO-290,11100,Backlog,07/Jun/18 2:38 PM,07/Jun/18 2:38 PM,,jiraadmin,,Test
DEMO-289,11000,Backlog,07/Jun/18 2:38 PM,07/Jun/18 2:38 PM,,jiraadmin,,szabi demo
DEMO-288,10901,Backlog,07/Jun/18 2:38 PM,07/Jun/18 2:38 PM,,jiraadmin,,DC Test Ticket
DEMO-287,10900,Backlog,07/Jun/18 2:35 PM,07/Jun/18 2:35 PM,,jiraadmin,,DC 3 Test
DEMO-286,10800,Backlog,07/Jun/18 2:34 PM,07/Jun/18 2:35 PM,,jiraadmin,,Mike Demo
DEMO-285,10611,Backlog,07/Jun/18 12:19 PM,07/Jun/18 2:35 PM,,jiraadmin,,KillJira
DEMO-284,10724,Backlog,07/Jun/18 12:19 PM,07/Jun/18 12:19 PM,,jiraadmin,,KillJira
DEMO-283,10610,Backlog,07/Jun/18 12:18 PM,07/Jun/18 12:18 PM,,jiraadmin,,KillJira
DEMO-282,10545,Backlog,07/Jun/18 12:18 PM,07/Jun/18 12:18 PM,,jiraadmin,,KillJira
DEMO-281,10437,Backlog,07/Jun/18 12:18 PM,07/Jun/18 12:18 PM,,jiraadmin,,KillJira
DEMO-280,10436,Backlog,07/Jun/18 12:18 PM,07/Jun/18 12:18 PM,,jiraadmin,,KillJira
DEMO-279,10337,Backlog,07/Jun/18 12:18 PM,07/Jun/18 12:18 PM,,jiraadmin,,KillJira
DEMO-278,10435,Backlog,07/Jun/18 12:18 PM,07/Jun/18 12:18 PM,,jiraadmin,,KillJira
DEMO-277,10544,Backlog,07/Jun/18 12:18 PM,07/Jun/18 12:18 PM,,jiraadmin,,KillJira
DEMO-276,10543,Backlog,07/Jun/18 12:18 PM,07/Jun/18 12:18 PM,,jiraadmin,,KillJira
DEMO-275,10336,Backlog,07/Jun/18 12:18 PM,07/Jun/18 12:18 PM,,jiraadmin,,KillJira
DEMO-274,10335,Backlog,07/Jun/18 12:18 PM,07/Jun/18 12:18 PM,,jiraadmin,,KillJira
DEMO-273,10434,Backlog,07/Jun/18 12:18 PM,07/Jun/18 12:18 PM,,jiraadmin,,KillJira
DEMO-272,10334,Backlog,07/Jun/18 12:18 PM,07/Jun/18 12:18 PM,,jiraadmin,,KillJira
DEMO-271,10333,Backlog,07/Jun/18 12:18 PM,07/Jun/18 12:18 PM,,jiraadmin,,KillJira
DEMO-270,10332,Backlog,07/Jun/18 12:18 PM,07/Jun/18 12:18 PM,,jiraadmin,,KillJira
DEMO-269,10542,Backlog,07/Jun/18 12:18 PM,07/Jun/18 12:18 PM,,jiraadmin,,KillJira
DEMO-268,10433,Backlog,07/Jun/18 12:18 PM,07/Jun/18 12:18 PM,,jiraadmin,,KillJira
DEMO-267,10331,Backlog,07/Jun/18 12:18 PM,07/Jun/18 12:18 PM,,jiraadmin,,KillJira
DEMO-266,10541,Backlog,07/Jun/18 12:18 PM,07/Jun/18 12:18 PM,,jiraadmin,,KillJira
DEMO-265,10330,Backlog,07/Jun/18 12:18 PM,07/Jun/18 12:18 PM,,jiraadmin,,KillJira
DEMO-264,10723,Backlog,07/Jun/18 12:18 PM,07/Jun/18 12:18 PM,,jiraadmin,,KillJira
DEMO-263,10540,Backlog,07/Jun/18 12:18 PM,07/Jun/18 12:18 PM,,jiraadmin,,KillJira
DEMO-262,10329,Backlog,07/Jun/18 12:18 PM,07/Jun/18 12:18 PM,,jiraadmin,,KillJira
DEMO-261,10539,Backlog,07/Jun/18 12:18 PM,07/Jun/18 12:18 PM,,jiraadmin,,KillJira
DEMO-260,10538,Backlog,07/Jun/18 12:18 PM,07/Jun/18 12:18 PM,,jiraadmin,,KillJira
DEMO-259,10537,Backlog,07/Jun/18 12:18 PM,07/Jun/18 12:18 PM,,jiraadmin,,KillJira
DEMO-258,10536,Backlog,07/Jun/18 12:18 PM,07/Jun/18 12:18 PM,,jiraadmin,,KillJira
DEMO-257,10535,Backlog,07/Jun/18 12:18 PM,07/Jun/18 12:18 PM,,jiraadmin,,KillJira
DEMO-256,10328,Backlog,07/Jun/18 12:18 PM,07/Jun/18 12:18 PM,,jiraadmin,,KillJira
DEMO-255,10432,Backlog,07/Jun/18 12:18 PM,07/Jun/18 12:18 PM,,jiraadmin,,KillJira
DEMO-254,10431,Backlog,07/Jun/18 12:18 PM,07/Jun/18 12:18 PM,,jiraadmin,,KillJira
DEMO-253,10327,Backlog,07/Jun/18 12:18 PM,07/Jun/18 12:18 PM,,jiraadmin,,KillJira
DEMO-252,10430,Backlog,07/Jun/18 12:18 PM,07/Jun/18 12:18 PM,,jiraadmin,,KillJira
DEMO-251,10534,Backlog,07/Jun/18 12:18 PM,07/Jun/18 12:18 PM,,jiraadmin,,KillJira
DEMO-250,10326,Backlog,07/Jun/18 12:18 PM,07/Jun/18 12:18 PM,,jiraadmin,,KillJira
DEMO-249,10429,Backlog,07/Jun/18 12:18 PM,07/Jun/18 12:18 PM,,jiraadmin,,KillJira
DEMO-248,10325,Backlog,07/Jun/18 12:18 PM,07/Jun/18 12:18 PM,,jiraadmin,,KillJira
DEMO-247,10722,Backlog,07/Jun/18 12:18 PM,07/Jun/18 12:18 PM,,jiraadmin,,KillJira
DEMO-246,10428,Backlog,07/Jun/18 12:18 PM,07/Jun/18 12:18 PM,,jiraadmin,,KillJira
DEMO-245,10427,Backlog,07/Jun/18 12:18 PM,07/Jun/18 12:18 PM,,jiraadmin,,KillJira
DEMO-244,10533,Backlog,07/Jun/18 12:18 PM,07/Jun/18 12:18 PM,,jiraadmin,,KillJira
DEMO-243,10324,Backlog,07/Jun/18 12:18 PM,07/Jun/18 12:18 PM,,jiraadmin,,KillJira
DEMO-242,10721,Backlog,07/Jun/18 12:18 PM,07/Jun/18 12:18 PM,,jiraadmin,,KillJira
DEMO-241,10323,Backlog,07/Jun/18 12:18 PM,07/Jun/18 12:18 PM,,jiraadmin,,KillJira
DEMO-240,10532,Backlog,07/Jun/18 12:18 PM,07/Jun/18 12:18 PM,,jiraadmin,,KillJira
DEMO-239,10531,Backlog,07/Jun/18 12:18 PM,07/Jun/18 12:18 PM,,jiraadmin,,KillJira
DEMO-238,10530,Backlog,07/Jun/18 12:18 PM,07/Jun/18 12:18 PM,,jiraadmin,,KillJira
DEMO-237,10322,Backlog,07/Jun/18 12:18 PM,07/Jun/18 12:18 PM,,jiraadmin,,KillJira
DEMO-236,10321,Backlog,07/Jun/18 12:18 PM,07/Jun/18 12:18 PM,,jiraadmin,,KillJira
DEMO-235,10320,Backlog,07/Jun/18 12:18 PM,07/Jun/18 12:18 PM,,jiraadmin,,KillJira
DEMO-234,10720,Backlog,07/Jun/18 12:18 PM,07/Jun/18 12:18 PM,,jiraadmin,,KillJira
DEMO-233,10529,Backlog,07/Jun/18 12:17 PM,07/Jun/18 12:17 PM,,jiraadmin,,KillJira
DEMO-232,10609,Backlog,07/Jun/18 12:17 PM,07/Jun/18 12:17 PM,,jiraadmin,,KillJira
DEMO-231,10319,Backlog,07/Jun/18 12:17 PM,07/Jun/18 12:17 PM,,jiraadmin,,KillJira
DEMO-230,10318,Backlog,07/Jun/18 12:17 PM,07/Jun/18 12:17 PM,,jiraadmin,,KillJira
DEMO-229,10528,Backlog,07/Jun/18 12:17 PM,07/Jun/18 12:17 PM,,jiraadmin,,KillJira
DEMO-228,10426,Backlog,07/Jun/18 12:17 PM,07/Jun/18 12:17 PM,,jiraadmin,,KillJira
DEMO-227,10527,Backlog,07/Jun/18 12:17 PM,07/Jun/18 12:17 PM,,jiraadmin,,KillJira
DEMO-226,10317,Backlog,07/Jun/18 12:17 PM,07/Jun/18 12:17 PM,,jiraadmin,,KillJira
DEMO-225,10526,Backlog,07/Jun/18 12:17 PM,07/Jun/18 12:17 PM,,jiraadmin,,KillJira
DEMO-224,10425,Backlog,07/Jun/18 12:17 PM,07/Jun/18 12:17 PM,,jiraadmin,,KillJira
DEMO-223,10608,Backlog,07/Jun/18 12:17 PM,07/Jun/18 12:17 PM,,jiraadmin,,KillJira
DEMO-222,10424,Backlog,07/Jun/18 12:17 PM,07/Jun/18 12:17 PM,,jiraadmin,,KillJira
DEMO-221,10525,Backlog,07/Jun/18 12:17 PM,07/Jun/18 12:17 PM,,jiraadmin,,KillJira
DEMO-220,10719,Backlog,07/Jun/18 12:17 PM,07/Jun/18 12:17 PM,,jiraadmin,,KillJira
DEMO-219,10423,Backlog,07/Jun/18 12:17 PM,07/Jun/18 12:17 PM,,jiraadmin,,KillJira
DEMO-218,10524,Backlog,07/Jun/18 12:17 PM,07/Jun/18 12:17 PM,,jiraadmin,,KillJira
DEMO-217,10422,Backlog,07/Jun/18 12:17 PM,07/Jun/18 12:17 PM,,jiraadmin,,KillJira
DEMO-216,10421,Backlog,07/Jun/18 12:17 PM,07/Jun/18 12:17 PM,,jiraadmin,,KillJira
DEMO-215,10316,Backlog,07/Jun/18 12:17 PM,07/Jun/18 12:17 PM,,jiraadmin,,KillJira
DEMO-214,10420,Backlog,07/Jun/18 12:17 PM,07/Jun/18 12:17 PM,,jiraadmin,,KillJira
DEMO-213,10607,Backlog,07/Jun/18 12:17 PM,07/Jun/18 12:17 PM,,jiraadmin,,KillJira
DEMO-212,10718,Backlog,07/Jun/18 12:17 PM,07/Jun/18 12:17 PM,,jiraadmin,,KillJira
DEMO-211,10717,Backlog,07/Jun/18 12:17 PM,07/Jun/18 12:17 PM,,jiraadmin,,KillJira
DEMO-210,10716,Backlog,07/Jun/18 12:17 PM,07/Jun/18 12:17 PM,,jiraadmin,,KillJira
DEMO-209,10315,Backlog,07/Jun/18 12:17 PM,07/Jun/18 12:17 PM,,jiraadmin,,KillJira
DEMO-208,10715,Backlog,07/Jun/18 12:17 PM,07/Jun/18 12:17 PM,,jiraadmin,,KillJira
DEMO-207,10523,Backlog,07/Jun/18 12:17 PM,07/Jun/18 12:17 PM,,jiraadmin,,KillJira
DEMO-206,10606,Backlog,07/Jun/18 12:17 PM,07/Jun/18 12:17 PM,,jiraadmin,,KillJira
DEMO-205,10419,Backlog,07/Jun/18 12:17 PM,07/Jun/18 12:17 PM,,jiraadmin,,KillJira
DEMO-204,10522,Backlog,07/Jun/18 12:17 PM,07/Jun/18 12:17 PM,,jiraadmin,,KillJira
DEMO-203,10314,Backlog,07/Jun/18 12:17 PM,07/Jun/18 12:17 PM,,jiraadmin,,KillJira
DEMO-202,10313,Backlog,07/Jun/18 12:17 PM,07/Jun/18 12:17 PM,,jiraadmin,,KillJira
DEMO-201,10714,Backlog,07/Jun/18 12:17 PM,07/Jun/18 12:17 PM,,jiraadmin,,KillJira
DEMO-200,10312,Backlog,07/Jun/18 12:17 PM,07/Jun/18 12:17 PM,,jiraadmin,,KillJira
DEMO-199,10311,Backlog,07/Jun/18 12:17 PM,07/Jun/18 12:17 PM,,jiraadmin,,KillJira
DEMO-198,10521,Backlog,07/Jun/18 12:17 PM,07/Jun/18 12:17 PM,,jiraadmin,,KillJira
DEMO-197,10418,Backlog,07/Jun/18 12:17 PM,07/Jun/18 12:17 PM,,jiraadmin,,KillJira
DEMO-196,10713,Backlog,07/Jun/18 12:17 PM,07/Jun/18 12:17 PM,,jiraadmin,,KillJira
DEMO-195,10520,Backlog,07/Jun/18 12:17 PM,07/Jun/18 12:17 PM,,jiraadmin,,KillJira
DEMO-194,10605,Backlog,07/Jun/18 12:17 PM,07/Jun/18 12:17 PM,,jiraadmin,,KillJira
DEMO-193,10712,Backlog,07/Jun/18 12:17 PM,07/Jun/18 12:17 PM,,jiraadmin,,KillJira
DEMO-192,10711,Backlog,07/Jun/18 12:17 PM,07/Jun/18 12:17 PM,,jiraadmin,,KillJira
DEMO-191,10417,Backlog,07/Jun/18 12:17 PM,07/Jun/18 12:17 PM,,jiraadmin,,KillJira
DEMO-190,10710,Backlog,07/Jun/18 12:17 PM,07/Jun/18 12:17 PM,,jiraadmin,,KillJira
DEMO-189,10310,Backlog,07/Jun/18 12:17 PM,07/Jun/18 12:17 PM,,jiraadmin,,KillJira
DEMO-188,10604,Backlog,07/Jun/18 12:17 PM,07/Jun/18 12:17 PM,,jiraadmin,,KillJira
DEMO-187,10416,Backlog,07/Jun/18 12:17 PM,07/Jun/18 12:17 PM,,jiraadmin,,KillJira
DEMO-186,10415,Backlog,07/Jun/18 12:17 PM,07/Jun/18 12:17 PM,,jiraadmin,,KillJira
DEMO-185,10519,Backlog,07/Jun/18 12:17 PM,07/Jun/18 12:17 PM,,jiraadmin,,KillJira
DEMO-184,10309,Backlog,07/Jun/18 12:17 PM,07/Jun/18 12:17 PM,,jiraadmin,,KillJira
DEMO-183,10414,Backlog,07/Jun/18 12:17 PM,07/Jun/18 12:17 PM,,jiraadmin,,KillJira
DEMO-182,10308,Backlog,07/Jun/18 12:17 PM,07/Jun/18 12:17 PM,,jiraadmin,,KillJira
DEMO-181,10709,Backlog,07/Jun/18 12:17 PM,07/Jun/18 12:17 PM,,jiraadmin,,KillJira
DEMO-180,10708,Backlog,07/Jun/18 12:17 PM,07/Jun/18 12:17 PM,,jiraadmin,,KillJira
DEMO-179,10518,Backlog,07/Jun/18 12:17 PM,07/Jun/18 12:17 PM,,jiraadmin,,KillJira
DEMO-178,10307,Backlog,07/Jun/18 12:17 PM,07/Jun/18 12:17 PM,,jiraadmin,,KillJira
DEMO-177,10413,Backlog,07/Jun/18 12:17 PM,07/Jun/18 12:17 PM,,jiraadmin,,KillJira
DEMO-176,10306,Backlog,07/Jun/18 12:17 PM,07/Jun/18 12:17 PM,,jiraadmin,,KillJira
DEMO-175,10412,Backlog,07/Jun/18 12:17 PM,07/Jun/18 12:17 PM,,jiraadmin,,KillJira
DEMO-174,10411,Backlog,07/Jun/18 12:17 PM,07/Jun/18 12:17 PM,,jiraadmin,,KillJira
DEMO-173,10517,Backlog,07/Jun/18 12:17 PM,07/Jun/18 12:17 PM,,jiraadmin,,KillJira
DEMO-172,10516,Backlog,07/Jun/18 12:17 PM,07/Jun/18 12:17 PM,,jiraadmin,,KillJira
DEMO-171,10707,Backlog,07/Jun/18 12:17 PM,07/Jun/18 12:17 PM,,jiraadmin,,KillJira
DEMO-170,10603,Backlog,07/Jun/18 12:17 PM,07/Jun/18 12:17 PM,,jiraadmin,,KillJira
DEMO-169,10410,Backlog,07/Jun/18 12:16 PM,07/Jun/18 12:16 PM,,jiraadmin,,KillJira
DEMO-168,10305,Backlog,07/Jun/18 12:16 PM,07/Jun/18 12:16 PM,,jiraadmin,,KillJira
DEMO-167,10706,Backlog,07/Jun/18 12:16 PM,07/Jun/18 12:16 PM,,jiraadmin,,KillJira
DEMO-166,10515,Backlog,07/Jun/18 12:16 PM,07/Jun/18 12:16 PM,,jiraadmin,,KillJira
DEMO-165,10409,Backlog,07/Jun/18 12:16 PM,07/Jun/18 12:16 PM,,jiraadmin,,KillJira
DEMO-164,10408,Backlog,07/Jun/18 12:16 PM,07/Jun/18 12:16 PM,,jiraadmin,,KillJira
DEMO-163,10304,Backlog,07/Jun/18 12:16 PM,07/Jun/18 12:16 PM,,jiraadmin,,KillJira
DEMO-162,10407,Backlog,07/Jun/18 12:16 PM,07/Jun/18 12:16 PM,,jiraadmin,,KillJira
DEMO-161,10705,Backlog,07/Jun/18 12:16 PM,07/Jun/18 12:16 PM,,jiraadmin,,KillJira
DEMO-160,10514,Backlog,07/Jun/18 12:16 PM,07/Jun/18 12:16 PM,,jiraadmin,,KillJira
DEMO-159,10513,Backlog,07/Jun/18 12:16 PM,07/Jun/18 12:16 PM,,jiraadmin,,KillJira
DEMO-158,10704,Backlog,07/Jun/18 12:16 PM,07/Jun/18 12:16 PM,,jiraadmin,,KillJira
DEMO-157,10512,Backlog,07/Jun/18 12:16 PM,07/Jun/18 12:16 PM,,jiraadmin,,KillJira
DEMO-156,10703,Backlog,07/Jun/18 12:16 PM,07/Jun/18 12:16 PM,,jiraadmin,,KillJira
DEMO-155,10406,Backlog,07/Jun/18 12:16 PM,07/Jun/18 12:16 PM,,jiraadmin,,KillJira
DEMO-154,10303,Backlog,07/Jun/18 12:16 PM,07/Jun/18 12:16 PM,,jiraadmin,,KillJira
DEMO-153,10511,Backlog,07/Jun/18 12:16 PM,07/Jun/18 12:16 PM,,jiraadmin,,KillJira
DEMO-152,10405,Backlog,07/Jun/18 12:16 PM,07/Jun/18 12:16 PM,,jiraadmin,,KillJira
DEMO-151,10510,Backlog,07/Jun/18 12:16 PM,07/Jun/18 12:16 PM,,jiraadmin,,KillJira
DEMO-150,10509,Backlog,07/Jun/18 12:16 PM,07/Jun/18 12:16 PM,,jiraadmin,,KillJira
DEMO-149,10702,Backlog,07/Jun/18 12:16 PM,07/Jun/18 12:16 PM,,jiraadmin,,KillJira
DEMO-148,10302,Backlog,07/Jun/18 12:16 PM,07/Jun/18 12:16 PM,,jiraadmin,,KillJira
DEMO-147,10301,Backlog,07/Jun/18 12:16 PM,07/Jun/18 12:16 PM,,jiraadmin,,KillJira
DEMO-146,10508,Backlog,07/Jun/18 12:16 PM,07/Jun/18 12:16 PM,,jiraadmin,,KillJira
DEMO-145,10507,Backlog,07/Jun/18 12:16 PM,07/Jun/18 12:16 PM,,jiraadmin,,KillJira
DEMO-144,10602,Backlog,07/Jun/18 12:16 PM,07/Jun/18 12:16 PM,,jiraadmin,,KillJira
DEMO-143,10404,Backlog,07/Jun/18 12:16 PM,07/Jun/18 12:16 PM,,jiraadmin,,KillJira
DEMO-142,10403,Backlog,07/Jun/18 12:16 PM,07/Jun/18 12:16 PM,,jiraadmin,,KillJira
DEMO-141,10506,Backlog,07/Jun/18 12:16 PM,07/Jun/18 12:16 PM,,jiraadmin,,KillJira
DEMO-140,10505,Backlog,07/Jun/18 12:16 PM,07/Jun/18 12:16 PM,,jiraadmin,,KillJira
DEMO-139,10701,Backlog,07/Jun/18 12:16 PM,07/Jun/18 12:16 PM,,jiraadmin,,KillJira
DEMO-138,10503,Backlog,07/Jun/18 12:16 PM,07/Jun/18 12:16 PM,,jiraadmin,,KillJira
DEMO-137,10502,Backlog,07/Jun/18 12:16 PM,07/Jun/18 12:16 PM,,jiraadmin,,KillJira
DEMO-136,10504,Backlog,07/Jun/18 12:16 PM,07/Jun/18 12:16 PM,,jiraadmin,,KillJira
DEMO-135,10601,Backlog,07/Jun/18 12:16 PM,07/Jun/18 12:16 PM,,jiraadmin,,KillJira
DEMO-134,10700,Backlog,07/Jun/18 12:16 PM,07/Jun/18 12:16 PM,,jiraadmin,,KillJira
DEMO-133,10501,Backlog,07/Jun/18 12:16 PM,07/Jun/18 12:16 PM,,jiraadmin,,KillJira
DEMO-132,10600,Backlog,07/Jun/18 12:16 PM,07/Jun/18 12:16 PM,,jiraadmin,,KillJira
DEMO-131,10500,Backlog,07/Jun/18 12:16 PM,07/Jun/18 12:16 PM,,jiraadmin,,KillJira
DEMO-130,10402,Backlog,07/Jun/18 12:16 PM,07/Jun/18 12:16 PM,,jiraadmin,,KillJira
DEMO-129,10401,Backlog,07/Jun/18 12:16 PM,07/Jun/18 12:16 PM,,jiraadmin,,KillJira
DEMO-128,10400,Backlog,07/Jun/18 12:16 PM,07/Jun/18 12:16 PM,,jiraadmin,,KillJira
DEMO-127,10300,Backlog,07/Jun/18 12:16 PM,07/Jun/18 12:16 PM,,jiraadmin,,KillJira
DEMO-126,10209,Backlog,07/Jun/18 11:34 AM,07/Jun/18 11:34 AM,,jiraadmin,,KillJira
DEMO-125,10208,Backlog,07/Jun/18 11:34 AM,07/Jun/18 11:34 AM,,jiraadmin,,KillJira
DEMO-124,10207,Backlog,07/Jun/18 11:34 AM,07/Jun/18 11:34 AM,,jiraadmin,,KillJira
DEMO-123,10206,Backlog,07/Jun/18 11:34 AM,07/Jun/18 11:34 AM,,jiraadmin,,KillJira
DEMO-122,10205,Backlog,07/Jun/18 11:34 AM,07/Jun/18 11:34 AM,,jiraadmin,,KillJira
DEMO-121,10204,Backlog,07/Jun/18 11:34 AM,07/Jun/18 11:34 AM,,jiraadmin,,KillJira
DEMO-120,10203,Backlog,07/Jun/18 11:34 AM,07/Jun/18 11:34 AM,,jiraadmin,,KillJira
DEMO-119,10202,Backlog,07/Jun/18 11:34 AM,07/Jun/18 11:34 AM,,jiraadmin,,KillJira
DEMO-118,10200,Backlog,07/Jun/18 11:34 AM,07/Jun/18 11:34 AM,,jiraadmin,,KillJira
DEMO-117,10201,Backlog,07/Jun/18 11:34 AM,07/Jun/18 11:34 AM,,jiraadmin,,KillJira
DEMO-116,10199,Backlog,07/Jun/18 11:34 AM,07/Jun/18 11:34 AM,,jiraadmin,,KillJira
DEMO-115,10196,Backlog,07/Jun/18 11:34 AM,07/Jun/18 11:34 AM,,jiraadmin,,KillJira
DEMO-114,10195,Backlog,07/Jun/18 11:34 AM,07/Jun/18 11:34 AM,,jiraadmin,,KillJira
DEMO-113,10197,Backlog,07/Jun/18 11:34 AM,07/Jun/18 11:34 AM,,jiraadmin,,KillJira
DEMO-112,10198,Backlog,07/Jun/18 11:34 AM,07/Jun/18 11:34 AM,,jiraadmin,,KillJira
DEMO-111,10194,Backlog,07/Jun/18 11:34 AM,07/Jun/18 11:34 AM,,jiraadmin,,KillJira
DEMO-110,10193,Backlog,07/Jun/18 11:34 AM,07/Jun/18 11:34 AM,,jiraadmin,,KillJira
DEMO-109,10192,Backlog,07/Jun/18 11:34 AM,07/Jun/18 11:34 AM,,jiraadmin,,KillJira
DEMO-108,10191,Backlog,07/Jun/18 11:34 AM,07/Jun/18 11:34 AM,,jiraadmin,,KillJira
DEMO-107,10190,Backlog,07/Jun/18 11:34 AM,07/Jun/18 11:34 AM,,jiraadmin,,KillJira
DEMO-106,10189,Backlog,07/Jun/18 11:34 AM,07/Jun/18 11:34 AM,,jiraadmin,,KillJira
DEMO-105,10188,Backlog,07/Jun/18 11:34 AM,07/Jun/18 11:34 AM,,jiraadmin,,KillJira
DEMO-104,10187,Backlog,07/Jun/18 11:34 AM,07/Jun/18 11:34 AM,,jiraadmin,,KillJira
DEMO-103,10186,Backlog,07/Jun/18 11:34 AM,07/Jun/18 11:34 AM,,jiraadmin,,KillJira
DEMO-102,10185,Backlog,07/Jun/18 11:34 AM,07/Jun/18 11:34 AM,,jiraadmin,,KillJira
DEMO-101,10184,Backlog,07/Jun/18 11:34 AM,07/Jun/18 11:34 AM,,jiraadmin,,KillJira
DEMO-100,10183,Backlog,07/Jun/18 11:34 AM,07/Jun/18 11:34 AM,,jiraadmin,,KillJira
DEMO-99,10181,Backlog,07/Jun/18 11:33 AM,07/Jun/18 11:33 AM,,jiraadmin,,KillJira
DEMO-98,10182,Backlog,07/Jun/18 11:33 AM,07/Jun/18 11:33 AM,,jiraadmin,,KillJira
DEMO-97,10180,Backlog,07/Jun/18 11:33 AM,07/Jun/18 11:33 AM,,jiraadmin,,KillJira
DEMO-96,10179,Backlog,07/Jun/18 11:33 AM,07/Jun/18 11:33 AM,,jiraadmin,,KillJira
DEMO-95,10178,Backlog,07/Jun/18 11:33 AM,07/Jun/18 11:33 AM,,jiraadmin,,KillJira
DEMO-94,10177,Backlog,07/Jun/18 11:33 AM,07/Jun/18 11:33 AM,,jiraadmin,,KillJira
DEMO-93,10176,Backlog,07/Jun/18 11:33 AM,07/Jun/18 11:33 AM,,jiraadmin,,KillJira
DEMO-92,10175,Backlog,07/Jun/18 11:33 AM,07/Jun/18 11:33 AM,,jiraadmin,,KillJira
DEMO-91,10173,Backlog,07/Jun/18 11:33 AM,07/Jun/18 11:33 AM,,jiraadmin,,KillJira
DEMO-90,10174,Backlog,07/Jun/18 11:33 AM,07/Jun/18 11:33 AM,,jiraadmin,,KillJira
DEMO-89,10172,Backlog,07/Jun/18 11:33 AM,07/Jun/18 11:33 AM,,jiraadmin,,KillJira
DEMO-88,10171,Backlog,07/Jun/18 11:33 AM,07/Jun/18 11:33 AM,,jiraadmin,,KillJira
DEMO-87,10169,Backlog,07/Jun/18 11:33 AM,07/Jun/18 11:33 AM,,jiraadmin,,KillJira
DEMO-86,10170,Backlog,07/Jun/18 11:33 AM,07/Jun/18 11:33 AM,,jiraadmin,,KillJira
DEMO-85,10168,Backlog,07/Jun/18 11:33 AM,07/Jun/18 11:33 AM,,jiraadmin,,KillJira
DEMO-84,10167,Backlog,07/Jun/18 11:33 AM,07/Jun/18 11:33 AM,,jiraadmin,,KillJira
DEMO-83,10166,Backlog,07/Jun/18 11:33 AM,07/Jun/18 11:33 AM,,jiraadmin,,KillJira
DEMO-82,10165,Backlog,07/Jun/18 11:33 AM,07/Jun/18 11:33 AM,,jiraadmin,,KillJira
DEMO-81,10164,Backlog,07/Jun/18 11:33 AM,07/Jun/18 11:33 AM,,jiraadmin,,KillJira
DEMO-80,10163,Backlog,07/Jun/18 11:33 AM,07/Jun/18 11:33 AM,,jiraadmin,,KillJira
DEMO-79,10162,Backlog,07/Jun/18 11:33 AM,07/Jun/18 11:33 AM,,jiraadmin,,KillJira
DEMO-78,10161,Backlog,07/Jun/18 11:33 AM,07/Jun/18 11:33 AM,,jiraadmin,,KillJira
DEMO-77,10160,Backlog,07/Jun/18 11:33 AM,07/Jun/18 11:33 AM,,jiraadmin,,KillJira
DEMO-76,10159,Backlog,07/Jun/18 11:33 AM,07/Jun/18 11:33 AM,,jiraadmin,,KillJira
DEMO-75,10158,Backlog,07/Jun/18 11:33 AM,07/Jun/18 11:33 AM,,jiraadmin,,KillJira
DEMO-74,10157,Backlog,07/Jun/18 11:33 AM,07/Jun/18 11:33 AM,,jiraadmin,,KillJira
DEMO-73,10156,Backlog,07/Jun/18 11:33 AM,07/Jun/18 11:33 AM,,jiraadmin,,KillJira
DEMO-72,10155,Backlog,07/Jun/18 11:33 AM,07/Jun/18 11:33 AM,,jiraadmin,,KillJira
DEMO-71,10154,Backlog,07/Jun/18 11:33 AM,07/Jun/18 11:33 AM,,jiraadmin,,KillJira
DEMO-70,10153,Backlog,07/Jun/18 11:33 AM,07/Jun/18 11:33 AM,,jiraadmin,,KillJira
DEMO-69,10152,Backlog,07/Jun/18 11:33 AM,07/Jun/18 11:33 AM,,jiraadmin,,KillJira
DEMO-68,10151,Backlog,07/Jun/18 11:33 AM,07/Jun/18 11:33 AM,,jiraadmin,,KillJira
DEMO-67,10150,Backlog,07/Jun/18 11:33 AM,07/Jun/18 11:33 AM,,jiraadmin,,KillJira
DEMO-66,10149,Backlog,07/Jun/18 11:33 AM,07/Jun/18 11:33 AM,,jiraadmin,,KillJira
DEMO-65,10148,Backlog,07/Jun/18 11:33 AM,07/Jun/18 11:33 AM,,jiraadmin,,KillJira
DEMO-64,10147,Backlog,07/Jun/18 11:33 AM,07/Jun/18 11:33 AM,,jiraadmin,,KillJira
DEMO-63,10146,Backlog,07/Jun/18 11:33 AM,07/Jun/18 11:33 AM,,jiraadmin,,KillJira
DEMO-62,10145,Backlog,07/Jun/18 11:33 AM,07/Jun/18 11:33 AM,,jiraadmin,,KillJira
DEMO-61,10144,Backlog,07/Jun/18 11:33 AM,07/Jun/18 11:33 AM,,jiraadmin,,KillJira
DEMO-60,10143,Backlog,07/Jun/18 11:33 AM,07/Jun/18 11:33 AM,,jiraadmin,,KillJira
DEMO-59,10142,Backlog,07/Jun/18 11:33 AM,07/Jun/18 11:33 AM,,jiraadmin,,KillJira
DEMO-58,10141,Backlog,07/Jun/18 11:33 AM,07/Jun/18 11:33 AM,,jiraadmin,,KillJira
DEMO-57,10140,Backlog,07/Jun/18 11:33 AM,07/Jun/18 11:33 AM,,jiraadmin,,KillJira
DEMO-56,10139,Backlog,07/Jun/18 11:33 AM,07/Jun/18 11:33 AM,,jiraadmin,,KillJira
DEMO-55,10138,Backlog,07/Jun/18 11:33 AM,07/Jun/18 11:33 AM,,jiraadmin,,KillJira
DEMO-54,10137,Backlog,07/Jun/18 11:33 AM,07/Jun/18 11:33 AM,,jiraadmin,,KillJira
DEMO-53,10136,Backlog,07/Jun/18 11:33 AM,07/Jun/18 11:33 AM,,jiraadmin,,KillJira
DEMO-52,10135,Backlog,07/Jun/18 11:33 AM,07/Jun/18 11:33 AM,,jiraadmin,,KillJira
DEMO-51,10134,Backlog,07/Jun/18 11:33 AM,07/Jun/18 11:33 AM,,jiraadmin,,KillJira
DEMO-50,10133,Backlog,07/Jun/18 11:33 AM,07/Jun/18 11:33 AM,,jiraadmin,,KillJira
DEMO-49,10132,Backlog,07/Jun/18 11:33 AM,07/Jun/18 11:33 AM,,jiraadmin,,KillJira
DEMO-48,10131,Backlog,07/Jun/18 11:33 AM,07/Jun/18 11:33 AM,,jiraadmin,,KillJira
DEMO-47,10130,Backlog,07/Jun/18 11:33 AM,07/Jun/18 11:33 AM,,jiraadmin,,KillJira
DEMO-46,10129,Backlog,07/Jun/18 11:33 AM,07/Jun/18 11:33 AM,,jiraadmin,,KillJira
DEMO-45,10128,Backlog,07/Jun/18 11:33 AM,07/Jun/18 11:33 AM,,jiraadmin,,KillJira
DEMO-44,10127,Backlog,07/Jun/18 11:33 AM,07/Jun/18 11:33 AM,,jiraadmin,,KillJira
DEMO-43,10126,Backlog,07/Jun/18 11:33 AM,07/Jun/18 11:33 AM,,jiraadmin,,KillJira
DEMO-42,10125,Backlog,07/Jun/18 11:33 AM,07/Jun/18 11:33 AM,,jiraadmin,,KillJira
DEMO-41,10124,Backlog,07/Jun/18 11:33 AM,07/Jun/18 11:33 AM,,jiraadmin,,KillJira
DEMO-40,10123,Backlog,07/Jun/18 11:33 AM,07/Jun/18 11:33 AM,,jiraadmin,,KillJira
DEMO-39,10122,Backlog,07/Jun/18 11:33 AM,07/Jun/18 11:33 AM,,jiraadmin,,KillJira
DEMO-38,10121,Backlog,07/Jun/18 11:33 AM,07/Jun/18 11:33 AM,,jiraadmin,,KillJira
DEMO-37,10120,Backlog,07/Jun/18 11:33 AM,07/Jun/18 11:33 AM,,jiraadmin,,KillJira
DEMO-36,10119,Backlog,07/Jun/18 11:33 AM,07/Jun/18 11:33 AM,,jiraadmin,,KillJira
DEMO-35,10118,Backlog,07/Jun/18 11:33 AM,07/Jun/18 11:33 AM,,jiraadmin,,KillJira
DEMO-34,10117,Backlog,07/Jun/18 11:33 AM,07/Jun/18 11:33 AM,,jiraadmin,,KillJira
DEMO-33,10116,Backlog,07/Jun/18 11:33 AM,07/Jun/18 11:33 AM,,jiraadmin,,KillJira
DEMO-32,10115,Backlog,07/Jun/18 11:33 AM,07/Jun/18 11:33 AM,,jiraadmin,,KillJira
DEMO-31,10114,Backlog,07/Jun/18 11:33 AM,07/Jun/18 11:33 AM,,jiraadmin,,KillJira
DEMO-30,10113,Backlog,07/Jun/18 11:33 AM,07/Jun/18 11:33 AM,,jiraadmin,,KillJira
DEMO-29,10112,Backlog,07/Jun/18 11:32 AM,07/Jun/18 11:32 AM,,jiraadmin,,KillJira
DEMO-28,10110,Backlog,07/Jun/18 11:32 AM,07/Jun/18 11:32 AM,,jiraadmin,,KillJira
DEMO-27,10111,Backlog,07/Jun/18 11:32 AM,07/Jun/18 11:32 AM,,jiraadmin,,KillJira
DEMO-26,10109,Backlog,07/Jun/18 11:32 AM,07/Jun/18 11:32 AM,,jiraadmin,,KillJira
DEMO-25,10108,Backlog,07/Jun/18 11:32 AM,07/Jun/18 11:32 AM,,jiraadmin,,KillJira
DEMO-24,10107,Backlog,07/Jun/18 11:32 AM,07/Jun/18 11:32 AM,,jiraadmin,,KillJira
DEMO-23,10106,Backlog,07/Jun/18 11:32 AM,07/Jun/18 11:32 AM,,jiraadmin,,KillJira
DEMO-22,10105,Backlog,07/Jun/18 11:32 AM,07/Jun/18 11:32 AM,,jiraadmin,,KillJira
DEMO-21,10104,Backlog,07/Jun/18 11:32 AM,07/Jun/18 11:32 AM,,jiraadmin,,KillJira
DEMO-20,10103,Backlog,07/Jun/18 11:32 AM,07/Jun/18 11:32 AM,,jiraadmin,,KillJira
DEMO-19,10102,Backlog,07/Jun/18 11:32 AM,07/Jun/18 11:32 AM,,jiraadmin,,KillJira
DEMO-18,10101,Backlog,07/Jun/18 11:31 AM,07/Jun/18 11:31 AM,,jiraadmin,,KillJira
DEMO-17,10100,Backlog,07/Jun/18 11:31 AM,07/Jun/18 11:31 AM,,jiraadmin,,KillJira
DEMO-16,10015,Done,23/May/18 5:37 AM,01/Jun/18 1:31 PM,jiraadmin,jiraadmin,,Issues like this one that are marked as fixed in a released version do not show up in Work mode but are included in the reports
DEMO-15,10014,Done,21/May/18 6:05 AM,30/May/18 6:07 PM,jiraadmin,jiraadmin,,Issues like this one that are marked as fixed in a released version do not show up in Work mode but are included in the reports
DEMO-14,10013,Done,17/May/18 9:59 PM,29/May/18 5:35 PM,jiraadmin,jiraadmin,,Issues like this one that are marked as fixed in a released version do not show up in Work mode but are included in the reports
DEMO-13,10012,Done,19/May/18 9:44 PM,31/May/18 2:39 PM,jiraadmin,jiraadmin,,Issues like this one that are marked as fixed in a released version do not show up in Work mode but are included in the reports
DEMO-12,10011,Done,23/May/18 11:24 PM,02/Jun/18 2:22 AM,jiraadmin,jiraadmin,,Issues like this one that are marked as fixed in a released version do not show up in Work mode but are included in the reports
DEMO-11,10010,Done,27/May/18 7:45 AM,03/Jun/18 4:20 AM,jiraadmin,jiraadmin,,Issues like this one that are marked as fixed in a released version do not show up in Work mode but are included in the reports
DEMO-10,10009,Done,29/May/18 12:07 PM,04/Jun/18 11:07 AM,jiraadmin,jiraadmin,"*To delete this Sample Project _(must be performed by a user with Administration rights)_* 
- Open the administration interface to the projects page by using the keyboard shortcut 'g' then 'g' and typing 'Projects' in to the search dialog
- Select the ""Delete"" link for the ""DEMO"" project

*To delete the Sample Project workflow and workflow scheme _(must be performed by a user with Administration rights)_* 
- Open the administration interface to the workflow schemes page by using the keyboard shortcut 'g' then 'g' and typing 'Workflow Schemes' in to the search dialog
- Select the ""Delete"" link for the ""DEMO: Agile Simplified Workflow Scheme"" workflow scheme
- Go to the workflows page by using the keyboard shortcut 'g' then 'g' and typing 'Workflows' in to the search dialog(_OnDemand users should select the second match for Workflows_)
- Expand the ""Inactive"" section
- Select the ""Delete"" link for the ""Agile Simplified Workflow  for Project DEMO"" workflow

*To delete this Board _(must be performed by the owner of this Board or an Administrator)_*
- Click the ""Tools"" cog at the top right of this board
- Select ""Delete""","Instructions for deleting this sample board and project are in the description for this issue >> Click the ""DEMO-10"" link and read the description tab of the detail view for more"
DEMO-9,10008,Done,31/May/18 12:07 PM,05/Jun/18 11:45 AM,jiraadmin,jiraadmin,,As teams develop with Kanban they get better at reducing average resolution time (aka Cycle time). The Control Chart in the Reports shows this information
DEMO-8,10007,Done,02/Jun/18 12:07 PM,06/Jun/18 11:12 AM,jiraadmin,jiraadmin,"*Creating Quick Filters*

You can add your own Quick Filters in the board configuration (select *Board > Configure*)","Filters at the top of the board allow you to quickly cut down the shown items >> Try clicking the ""Recently Updated"" to hide work items not updated in the past day"
DEMO-7,10006,In Progress,02/Jun/18 12:07 PM,05/Jun/18 2:07 AM,jiraadmin,jiraadmin,"*Setting Constraints*

You can set limits (constraints) for columns on this board by editing the board's configuration (select *Board > Configure*)",... so 2 work items violate the limit and cause the column to be highlighted
DEMO-6,10005,In Progress,29/May/18 2:07 AM,04/Jun/18 7:30 AM,jiraadmin,jiraadmin,,Work In Progress (WIP) limits highlight delays. This column's limit is 1...
DEMO-5,10004,Backlog,28/May/18 12:07 PM,28/May/18 12:07 PM,jiraadmin,jiraadmin,"*Creating Columns*

You can also add columns to this board by editing its configuration (select *Board > Configure*)","Work items flow through different stages from left to right >> Try dragging this card to ""Selected for Development"""
DEMO-4,10003,Backlog,25/May/18 12:07 PM,03/Jun/18 10:02 AM,jiraadmin,jiraadmin,,Work items are ranked in priority order (from top to bottom) >> Try dragging this card over the card below to rank its priority lower
DEMO-3,10002,Backlog,06/Jun/18 12:07 PM,06/Jun/18 12:07 PM,jiraadmin,jiraadmin,"*Creating Issues*

When you click ""+ Create Issue"" you will be asked for the correct project (select ""DEMO"").","Add work items with ""+ Create Issue"" at the top right of the screen >> Try adding a new card now"
DEMO-2,10001,Selected for Development,05/Jun/18 12:07 PM,06/Jun/18 6:55 AM,jiraadmin,jiraadmin,"*Creating Swimlanes*

You can create your own Swimlanes for this board by editing its configuration (select *Board > Configure*)","Kanban boards are often divided into streams of work, aka Swimlanes. By default, Kanban boards include an ""Expedite"" swimlane for items marked with the highest priority (like this one)"
DEMO-1,10000,Backlog,06/Jun/18 9:31 AM,06/Jun/18 9:31 AM,jiraadmin,jiraadmin,"*About Kanban*

[Kanban|http://en.wikipedia.org/wiki/Kanban_(development)] is part of the Toyota Lean Manufacturing methodology but was popularised for use in IT by David Anderson. Broadly speaking it aims to optimize outcomes by: 
  - Prioritizing items that are added to the potential work list then only commencing work on items when capacity exists to take them on 
  - Tracking items in progress so that items that have started are completed before new work is taken on 
  - Ensuring that items that are in progress do not get blocked indefinitely at any particular stage of the work 

You can check out many Kanban resources at http://agilemanagement.net/

*To close this view of this task (called the Detail view), click the cross in the top right corner*","Kanban cards represent work items >> Click the ""DEMO-1"" link at the top of this card to show the Detail view - there's more on Kanban in the 'Description' section"
